HR@orcl> SELECT employee_id, CONCAT(first_name, last_name) NAME, job_id, LENGTH (last_name), INSTR(last_name, 'a') "Contain 'a'?"
  2  FROM employees
  3  WHERE SUBSTR(job_id, 4) = 'REP';

EMPLOYEE_ID      NAME        JOB_ID       LENGTH(LAST_NAME)   Contain 'a'?         
-----------   ------- ----------  ----------------- ------------         
   202                 PatFay        MK_REP          3                                  2                                                  
                                                                                
   203              SusanMavris   HR_REP          6                                  2                                                  
                                                                                
   204              HermannBaer  PR_REP          4                                  2                                                  
                                                                                

EMPLOYEE_ID      NAME        JOB_ID       LENGTH(LAST_NAME)   Contain 'a'?         
-----------   ------- ----------  ----------------- ------------         
    150             PeterTucker      SA_REP              6                             0                                                  
                                                                                
    151             DavidBernstein  SA_REP              9                             0                                                  
                                                                                
    152             PeterHall          SA_REP              4                              2                                                  



employee_id(그냥 표시), CONCAT(괄호안의 내용을 합치면서 공백없이 붙임)명령어로 처리한 내용을 NAME이란 열로 정리, job_id(그냥 표시),
LENGTH(괄호안의 항목의 글자 길이를 표시한다), INSTR(1,2)=1의 항목안에 2라는 문자가 얼마나 포함되었는지 표시하고 "Contain 'a'?"이란 열로 정리                                                                                 
==============================================================

HR@orcl> SELECT LPAD(last_name, 3, '*')
  2  FROM employees;

LPAD(LAST_NA                                                                    
------------                                                                    
Abe                                                                             
And                                                                             
Atk                                                                             
Aus                                                                             
Bae                                                                             
Bai                                                                             
Ban                                                                             
Bat                                                                             
Bel                                                                             
Ber                                                                             
Bis                                                                             

LPAD(LAST_NA                                                                    
------------                                                                    
Blo                                                                             
Bul                                                                             
Cab                                                                             
Cam                                                                             
Cam                                                                             
Che                                                                             
Chu                                                                             
Col                                                                             
Dav                                                                             
De                                                                              
Del                                                                             

LPAD(왼쪽에 삽입) RPAD(오른쪽에 삽입) last_name 컬럼의 내용에서 해당 문자 3자리를 문자 *표시하겠다는 말이다.

*LPAD와 RPAD 둘다 전달인자를 넣길 원하는 길이보다 삽입당하는 컬럼의 내용이 길으면 기존 컬럼에서 명령한 길이만큼만 표시된다.
따라서 위 명령문에서 문자 *을 보길 원하면 3보다는 더 긴 숫자를 명령해야한다.
==============================================================

HR@orcl> SELECT employee_id, REPLACE(last_name, SUBSTR(last_name,1,3), '***') last_name
  2 FROM employees;

EMPLOYEE_ID  LAST_NAME                                                                     
----------- ------------     
    174                 ***l                                                                            
                                                                                
    166                 ***e                                                                            
                                                                                
    130                 ***inson                                                                        
                                                                                

EMPLOYEE_ID   LAST_NAME                                                                    
----------- -------------   
    105                  ***tin                                                                          
                                                                                
    204                  ***r                                                                            
                                                                                
    116                  ***da                                                                           
                                                                                

EMPLOYEE_ID   LAST_NAME                                                                  
-----------  -----------
    167                  ***da                                                                           
                                                                                
    172                  ***es                                                                           
                                                                                
    192                  ***l                                                                            
                                                                                
employee_id (그냥표시), REPLACE(컬럼, 1, '***')=컬럼에서 1의 문자를 문자 ***으로 변환하여 last_name항목으로 보이게 한다.
SUBSTR(last_name,1,3)=last_name 컬럼에서 첫번째 문자(1)부터 세번째 문자까지(3)추출한다

*만약에 거꾸로 뒤에서부터 추출하고 싶으면 -1,-3이라고 하면된다.
*몇번째까지인지 3과 같이 지정하지 않고 1까지만 쓰고 괄호를 닫는다면 시작부분 (1)부터 끝까지 추출된다.
*본인이 제대로 하였는지 확인하기 위해 원래 last_name과 잘라낸 부분, 그리고 최종결과를 모두 보려면 명령문을 아래와 같이 해보자
HR@orcl> SELECT last_name, SUBSTR(last_name,1,3), REPLACE(last_name, SUBSTR(last_name,1,3), '***') last_name
FROM employees;
==============================================================

HR@orcl> SELECT TRUNC(45.923,2), TRUNC(45.923,0), TRUNC(45.923,-1)
  2 FROM DUAL;

TRUNC(45.923,2)     TRUNC(45.923,0)     TRUNC(45.923,-1)                                                                                                      
--------------- --------------- ----------------                                                                                                      
          45.92                       45                          40                                                                                                      



HR@orcl> SELECT ROUND(45.923,2), ROUND(45.923,0), ROUND(45.923,-1)
  2 FROM DUAL

ROUND(45.923,2)     ROUND(45.923,0)     ROUND(45.923,-1)                                                                                                      
--------------- --------------- ----------------                                                                                                      
          45.92                       46                          50                                                                                                      

TRUNC / ROUND 명령문은 소숫점을 0으로 두고 소숫점 아래는 -(마이너스), 위로는 +(양수, 기호생략)을 사용하여 표기한다.

TRUNC는 반내림 / ROUND는 반올림을 사용하며 이는 절대적으로 수치에 관계없이 명령한 기준에 따라 무조건 올리거나 내린다
==============================================================

HR@orcl> SELECT last_name, salary, MOD(salary, 5000)
  2  FROM employees
  3  WHERE job_id = 'SA_REP';

LAST_NAME                SALARY       MOD(SALARY,5000)                                                                                                 
--------------    ---------- ----------------                                                                                                 
Tucker                         10000                0                                                                                                 
Bernstein                      9500             4500                                                                                                 
Hall                              9000             4000                                                                                                 
Olsen                           8000             3000                                                                                                 
Cambrault                     7500             2500                                                                                                 
Tuvault                         7000             2000                                                                                                 
King                             10000                0                                                                                                 
Sully                             9500             4500                                                                                                 
McEwen                        9000             4000                                                                                                 
Smith                            8000             3000                                                                                                 
Doran                           7500             2500                                                                                                 

LAST_NAME                SALARY       MOD(SALARY,5000)                                                                                                 
--------------    ---------- ----------------                                                                                                 
Sewall                          7000             2000                                                                                                 
Vishney                        10500              500                                                                                                 
Greene                          9500             4500                                                                                                 
Marvins                         7200             2200                                                                                                 
Lee                             6800             1800                                                                                                 
Ande                            6400             1400                                                                                                 
Banda                           6200             1200                                                                                                 
Ozer                           11500             1500                                                                                                 
Bloom                          10000                0                                                                                                 
Fox                             9600             4600                                                                                                 
Smith                           7400             2400                                                                                                 

LAST_NAME                SALARY       MOD(SALARY,5000)                                                                                                 
--------------    ---------- ----------------                                                                                                 
Bates                           7300             2300                                                                                                 
Kumar                           6100             1100                                                                                                 
Abel                           11000             1000                                                                                                 
Hutton                          8800             3800                                                                                                 
Taylor                          8600             3600                                                                                                 
Livingston                      8400             3400                                                                                                 
Grant                           7000             2000                                                                                                 
Johnson                         6200             1200                                                                                                 

==============================================================

HR@orcl> SELECT employee_id, last_name, hire_date
  2  FROM employees;

EMPLOYEE_ID LAST_NAME                 HIRE_DATE                                                                                                       
----------- ------------------------- ---------                                                                                                       
        198 OConnell                  21-JUN-07                                                                                                       
        199 Grant                     13-JAN-08                                                                                                       
        200 Whalen                    17-SEP-03                                                                                                       
        201 Hartstein                 17-FEB-04                                                                                                       
        202 Fay                       17-AUG-05                                                                                                       
        203 Mavris                    07-JUN-02                                                                                                       
        204 Baer                      07-JUN-02                                                                                                       
        205 Higgins                   07-JUN-02                                                                                                       
        206 Gietz                     07-JUN-02                                                                                                       
        100 King                      17-JUN-03                                                                                                       
        101 Kochhar                   21-SEP-05                                                                                                       

EMPLOYEE_ID LAST_NAME                 HIRE_DATE                                                                                                       
----------- ------------------------- ---------                                                                                                       
        102 De Haan                   13-JAN-01                                                                                                       
        103 Hunold                    03-JAN-06                                                                                                       
        104 Ernst                     21-MAY-07                                                                                                       
        105 Austin                    25-JUN-05                                                                                                       
        106 Pataballa                 05-FEB-06                                                                                                       
        107 Lorentz                   07-FEB-07                                                                                                       
        108 Greenberg                 17-AUG-02                                                                                                       
        109 Faviet                    16-AUG-02                                                                                                       
        110 Chen                      28-SEP-05                                                                                                       
        111 Sciarra                   30-SEP-05                                                                                                       
        112 Urman                     07-MAR-06                                                                                                       

EMPLOYEE_ID LAST_NAME                 HIRE_DATE                                                                                                       
----------- ------------------------- ---------                                                                                                       
        113 Popp                      07-DEC-07                                                                                                       
        114 Raphaely                  07-DEC-02                                                                                                       
        115 Khoo                      18-MAY-03                                                                                                       
        116 Baida                     24-DEC-05                                                                                                       
        117 Tobias                    24-JUL-05                                                                                                       
        118 Himuro                    15-NOV-06                                                                                                       
        119 Colmenares                10-AUG-07                                                                                                       
        120 Weiss                     18-JUL-04                                                                                                       
        121 Fripp                     10-APR-05                                                                                                       
        122 Kaufling                  01-MAY-03                                                                                                       
        123 Vollman                   10-OCT-05                                                                                                       

EMPLOYEE_ID LAST_NAME                 HIRE_DATE                                                                                                       
----------- ------------------------- ---------                                                                                                       
        124 Mourgos                   16-NOV-07                                                                                                       
        125 Nayer                     16-JUL-05                                                                                                       
        126 Mikkilineni               28-SEP-06                                                                                                       
        127 Landry                    14-JAN-07                                                                                                       
        128 Markle                    08-MAR-08                                                                                                       
        129 Bissot                    20-AUG-05                                                                                                       
        130 Atkinson                  30-OCT-05                                                                                                       
        131 Marlow                    16-FEB-05                                                                                                       
        132 Olson                     10-APR-07                                                                                                       
        133 Mallin                    14-JUN-04                                                                                                       
        134 Rogers                    26-AUG-06                                                                                                       

EMPLOYEE_ID LAST_NAME                 HIRE_DATE                                                                                                       
----------- ------------------------- ---------                                                                                                       
        135 Gee                       12-DEC-07                                                                                                       
        136 Philtanker                06-FEB-08                                                                                                       
        137 Ladwig                    14-JUL-03                                                                                                       
        138 Stiles                    26-OCT-05                                                                                                       
        139 Seo                       12-FEB-06                                                                                                       
        140 Patel                     06-APR-06                                                                                                       
        141 Rajs                      17-OCT-03                                                                                                       
        142 Davies                    29-JAN-05                                                                                                       
        143 Matos                     15-MAR-06                                                                                                       
        144 Vargas                    09-JUL-06                                                                                                       
        145 Russell                   01-OCT-04                                                                                                       

EMPLOYEE_ID LAST_NAME                 HIRE_DATE                                                                                                       
----------- ------------------------- ---------                                                                                                       
        146 Partners                  05-JAN-05                                                                                                       
        147 Errazuriz                 10-MAR-05                                                                                                       
        148 Cambrault                 15-OCT-07                                                                                                       
        149 Zlotkey                   29-JAN-08                                                                                                       
        150 Tucker                    30-JAN-05                                                                                                       
        151 Bernstein                 24-MAR-05                                                                                                       
        152 Hall                      20-AUG-05                                                                                                       
        153 Olsen                     30-MAR-06                                                                                                       
        154 Cambrault                 09-DEC-06                                                                                                       
        155 Tuvault                   23-NOV-07                                                                                                       
        156 King                      30-JAN-04                                                                                                       

EMPLOYEE_ID LAST_NAME                 HIRE_DATE                                                                                                       
----------- ------------------------- ---------                                                                                                       
        157 Sully                     04-MAR-04                                                                                                       
        158 McEwen                    01-AUG-04                                                                                                       
        159 Smith                     10-MAR-05                                                                                                       
        160 Doran                     15-DEC-05                                                                                                       
        161 Sewall                    03-NOV-06                                                                                                       
        162 Vishney                   11-NOV-05                                                                                                       
        163 Greene                    19-MAR-07                                                                                                       
        164 Marvins                   24-JAN-08                                                                                                       
        165 Lee                       23-FEB-08                                                                                                       
        166 Ande                      24-MAR-08                                                                                                       
        167 Banda                     21-APR-08                                                                                                       

EMPLOYEE_ID LAST_NAME                 HIRE_DATE                                                                                                       
----------- ------------------------- ---------                                                                                                       
        168 Ozer                      11-MAR-05                                                                                                       
        169 Bloom                     23-MAR-06                                                                                                       
        170 Fox                       24-JAN-06                                                                                                       
        171 Smith                     23-FEB-07                                                                                                       
        172 Bates                     24-MAR-07                                                                                                       
        173 Kumar                     21-APR-08                                                                                                       
        174 Abel                      11-MAY-04                                                                                                       
        175 Hutton                    19-MAR-05                                                                                                       
        176 Taylor                    24-MAR-06                                                                                                       
        177 Livingston                23-APR-06                                                                                                       
        178 Grant                     24-MAY-07                                                                                                       

EMPLOYEE_ID LAST_NAME                 HIRE_DATE                                                                                                       
----------- ------------------------- ---------                                                                                                       
        179 Johnson                   04-JAN-08                                                                                                       
        180 Taylor                    24-JAN-06                                                                                                       
        181 Fleaur                    23-FEB-06                                                                                                       
        182 Sullivan                  21-JUN-07                                                                                                       
        183 Geoni                     03-FEB-08                                                                                                       
        184 Sarchand                  27-JAN-04                                                                                                       
        185 Bull                      20-FEB-05                                                                                                       
        186 Dellinger                 24-JUN-06                                                                                                       
        187 Cabrio                    07-FEB-07                                                                                                       
        188 Chung                     14-JUN-05                                                                                                       
        189 Dilly                     13-AUG-05                                                                                                       

EMPLOYEE_ID LAST_NAME                 HIRE_DATE                                                                                                       
----------- ------------------------- ---------                                                                                                       
        190 Gates                     11-JUL-06                                                                                                       
        191 Perkins                   19-DEC-07                                                                                                       
        192 Bell                      04-FEB-04                                                                                                       
        193 Everett                   03-MAR-05                                                                                                       
        194 McCain                    01-JUL-06                                                                                                       
        195 Jones                     17-MAR-07                                                                                                       
        196 Walsh                     24-APR-06                                                                                                       
        197 Feeney                    23-MAY-06                                                                                                       

107 rows selected.

HR@orcl> desc employees
 Name                                                                                Null?    Type
 ----------------------------------------------------------------------------------- -------- --------------------------------------------------------
 EMPLOYEE_ID                                                                         NOT NULL NUMBER(6)
 FIRST_NAME                                                                                   VARCHAR2(20)
 LAST_NAME                                                                           NOT NULL VARCHAR2(25)
 EMAIL                                                                               NOT NULL VARCHAR2(25)
 PHONE_NUMBER                                                                                 VARCHAR2(20)
 HIRE_DATE                                                                           NOT NULL DATE
 JOB_ID                                                                              NOT NULL VARCHAR2(10)
 SALARY                                                                                       NUMBER(8,2)
 COMMISSION_PCT                                                                               NUMBER(2,2)
 MANAGER_ID                                                                                   NUMBER(6)
 DEPARTMENT_ID                                                                                NUMBER(4)

HR@orcl> SELECT sysdate FROM dual;

SYSDATE                                                                                                                                               
---------                                                                                                                                             
23-JAN-18                                                                                                                                             

HR@orcl> alter system set nls_date_format='yyyy/mm/dd hh24:mi:ss';
alter system set nls_date_format='yyyy/mm/dd hh24:mi:ss'
                 *
ERROR at line 1:
ORA-02096: specified initialization parameter is not modifiable with this option 


HR@orcl> ed
Wrote file afiedt.buf

  1* alter systems session set nls_date_format='yyyy/mm/dd hh24:mi:ss'
HR@orcl> /
alter systems session set nls_date_format='yyyy/mm/dd hh24:mi:ss'
      *
ERROR at line 1:
ORA-00940: invalid ALTER command 


HR@orcl> ed
Wrote file afiedt.buf

  1* alter session set nls_date_format='yyyy/mm/dd hh24:mi:ss'
HR@orcl> /

Session altered.

HR@orcl> /

Session altered.

HR@orcl> SELECT sysdate FROM dual;

SYSDATE                                                                                                                                               
-------------------                                                                                                                                   
2018/01/23 11:24:25                                                                                                                                   

HR@orcl> SELECT employee_id, hire_date FROM employees;

EMPLOYEE_ID HIRE_DATE                                                                                                                                 
----------- -------------------                                                                                                                       
        198 2007/06/21 00:00:00                                                                                                                       
        199 2008/01/13 00:00:00                                                                                                                       
        200 2003/09/17 00:00:00                                                                                                                       
        201 2004/02/17 00:00:00                                                                                                                       
        202 2005/08/17 00:00:00                                                                                                                       
        203 2002/06/07 00:00:00                                                                                                                       
        204 2002/06/07 00:00:00                                                                                                                       
        205 2002/06/07 00:00:00                                                                                                                       
        206 2002/06/07 00:00:00                                                                                                                       
        100 2003/06/17 00:00:00                                                                                                                       
        101 2005/09/21 00:00:00                                                                                                                       

EMPLOYEE_ID HIRE_DATE                                                                                                                                 
----------- -------------------                                                                                                                       
        102 2001/01/13 00:00:00                                                                                                                       
        103 2006/01/03 00:00:00                                                                                                                       
        104 2007/05/21 00:00:00                                                                                                                       
        105 2005/06/25 00:00:00                                                                                                                       
        106 2006/02/05 00:00:00                                                                                                                       
        107 2007/02/07 00:00:00                                                                                                                       
        108 2002/08/17 00:00:00                                                                                                                       
        109 2002/08/16 00:00:00                                                                                                                       
        110 2005/09/28 00:00:00                                                                                                                       
        111 2005/09/30 00:00:00                                                                                                                       
        112 2006/03/07 00:00:00                                                                                                                       

EMPLOYEE_ID HIRE_DATE                                                                                                                                 
----------- -------------------                                                                                                                       
        113 2007/12/07 00:00:00                                                                                                                       
        114 2002/12/07 00:00:00                                                                                                                       
        115 2003/05/18 00:00:00                                                                                                                       
        116 2005/12/24 00:00:00                                                                                                                       
        117 2005/07/24 00:00:00                                                                                                                       
        118 2006/11/15 00:00:00                                                                                                                       
        119 2007/08/10 00:00:00                                                                                                                       
        120 2004/07/18 00:00:00                                                                                                                       
        121 2005/04/10 00:00:00                                                                                                                       
        122 2003/05/01 00:00:00                                                                                                                       
        123 2005/10/10 00:00:00                                                                                                                       

EMPLOYEE_ID HIRE_DATE                                                                                                                                 
----------- -------------------                                                                                                                       
        124 2007/11/16 00:00:00                                                                                                                       
        125 2005/07/16 00:00:00                                                                                                                       
        126 2006/09/28 00:00:00                                                                                                                       
        127 2007/01/14 00:00:00                                                                                                                       
        128 2008/03/08 00:00:00                                                                                                                       
        129 2005/08/20 00:00:00                                                                                                                       
        130 2005/10/30 00:00:00                                                                                                                       
        131 2005/02/16 00:00:00                                                                                                                       
        132 2007/04/10 00:00:00                                                                                                                       
        133 2004/06/14 00:00:00                                                                                                                       
        134 2006/08/26 00:00:00                                                                                                                       

EMPLOYEE_ID HIRE_DATE                                                                                                                                 
----------- -------------------                                                                                                                       
        135 2007/12/12 00:00:00                                                                                                                       
        136 2008/02/06 00:00:00                                                                                                                       
        137 2003/07/14 00:00:00                                                                                                                       
        138 2005/10/26 00:00:00                                                                                                                       
        139 2006/02/12 00:00:00                                                                                                                       
        140 2006/04/06 00:00:00                                                                                                                       
        141 2003/10/17 00:00:00                                                                                                                       
        142 2005/01/29 00:00:00                                                                                                                       
        143 2006/03/15 00:00:00                                                                                                                       
        144 2006/07/09 00:00:00                                                                                                                       
        145 2004/10/01 00:00:00                                                                                                                       

EMPLOYEE_ID HIRE_DATE                                                                                                                                 
----------- -------------------                                                                                                                       
        146 2005/01/05 00:00:00                                                                                                                       
        147 2005/03/10 00:00:00                                                                                                                       
        148 2007/10/15 00:00:00                                                                                                                       
        149 2008/01/29 00:00:00                                                                                                                       
        150 2005/01/30 00:00:00                                                                                                                       
        151 2005/03/24 00:00:00                                                                                                                       
        152 2005/08/20 00:00:00                                                                                                                       
        153 2006/03/30 00:00:00                                                                                                                       
        154 2006/12/09 00:00:00                                                                                                                       
        155 2007/11/23 00:00:00                                                                                                                       
        156 2004/01/30 00:00:00                                                                                                                       

EMPLOYEE_ID HIRE_DATE                                                                                                                                 
----------- -------------------                                                                                                                       
        157 2004/03/04 00:00:00                                                                                                                       
        158 2004/08/01 00:00:00                                                                                                                       
        159 2005/03/10 00:00:00                                                                                                                       
        160 2005/12/15 00:00:00                                                                                                                       
        161 2006/11/03 00:00:00                                                                                                                       
        162 2005/11/11 00:00:00                                                                                                                       
        163 2007/03/19 00:00:00                                                                                                                       
        164 2008/01/24 00:00:00                                                                                                                       
        165 2008/02/23 00:00:00                                                                                                                       
        166 2008/03/24 00:00:00                                                                                                                       
        167 2008/04/21 00:00:00                                                                                                                       

EMPLOYEE_ID HIRE_DATE                                                                                                                                 
----------- -------------------                                                                                                                       
        168 2005/03/11 00:00:00                                                                                                                       
        169 2006/03/23 00:00:00                                                                                                                       
        170 2006/01/24 00:00:00                                                                                                                       
        171 2007/02/23 00:00:00                                                                                                                       
        172 2007/03/24 00:00:00                                                                                                                       
        173 2008/04/21 00:00:00                                                                                                                       
        174 2004/05/11 00:00:00                                                                                                                       
        175 2005/03/19 00:00:00                                                                                                                       
        176 2006/03/24 00:00:00                                                                                                                       
        177 2006/04/23 00:00:00                                                                                                                       
        178 2007/05/24 00:00:00                                                                                                                       

EMPLOYEE_ID HIRE_DATE                                                                                                                                 
----------- -------------------                                                                                                                       
        179 2008/01/04 00:00:00                                                                                                                       
        180 2006/01/24 00:00:00                                                                                                                       
        181 2006/02/23 00:00:00                                                                                                                       
        182 2007/06/21 00:00:00                                                                                                                       
        183 2008/02/03 00:00:00                                                                                                                       
        184 2004/01/27 00:00:00                                                                                                                       
        185 2005/02/20 00:00:00                                                                                                                       
        186 2006/06/24 00:00:00                                                                                                                       
        187 2007/02/07 00:00:00                                                                                                                       
        188 2005/06/14 00:00:00                                                                                                                       
        189 2005/08/13 00:00:00                                                                                                                       

EMPLOYEE_ID HIRE_DATE                                                                                                                                 
----------- -------------------                                                                                                                       
        190 2006/07/11 00:00:00                                                                                                                       
        191 2007/12/19 00:00:00                                                                                                                       
        192 2004/02/04 00:00:00                                                                                                                       
        193 2005/03/03 00:00:00                                                                                                                       
        194 2006/07/01 00:00:00                                                                                                                       
        195 2007/03/17 00:00:00                                                                                                                       
        196 2006/04/24 00:00:00                                                                                                                       
        197 2006/05/23 00:00:00                                                                                                                       

107 rows selected.

HR@orcl> SELECT sysdate, sysdate+10 FROM dual;

SYSDATE             SYSDATE+10                                                                                                                        
------------------- -------------------                                                                                                               
2018/01/23 11:30:24 2018/02/02 11:30:24                                                                                                               

HR@orcl> SELECT employee_id, sysdate-hire_date FROM employees
  2  WHERE department_id =50;

EMPLOYEE_ID SYSDATE-HIRE_DATE                                                                                                                         
----------- -----------------                                                                                                                         
        198        3869.48035                                                                                                                         
        199        3663.48035                                                                                                                         
        120        4937.48035                                                                                                                         
        121        4671.48035                                                                                                                         
        122        5381.48035                                                                                                                         
        123        4488.48035                                                                                                                         
        124        3721.48035                                                                                                                         
        125        4574.48035                                                                                                                         
        126        4135.48035                                                                                                                         
        127        4027.48035                                                                                                                         
        128        3608.48035                                                                                                                         

EMPLOYEE_ID SYSDATE-HIRE_DATE                                                                                                                         
----------- -----------------                                                                                                                         
        129        4539.48035                                                                                                                         
        130        4468.48035                                                                                                                         
        131        4724.48035                                                                                                                         
        132        3941.48035                                                                                                                         
        133        4971.48035                                                                                                                         
        134        4168.48035                                                                                                                         
        135        3695.48035                                                                                                                         
        136        3639.48035                                                                                                                         
        137        5307.48035                                                                                                                         
        138        4472.48035                                                                                                                         
        139        4363.48035                                                                                                                         

EMPLOYEE_ID SYSDATE-HIRE_DATE                                                                                                                         
----------- -----------------                                                                                                                         
        140        4310.48035                                                                                                                         
        141        5212.48035                                                                                                                         
        142        4742.48035                                                                                                                         
        143        4332.48035                                                                                                                         
        144        4216.48035                                                                                                                         
        180        4382.48035                                                                                                                         
        181        4352.48035                                                                                                                         
        182        3869.48035                                                                                                                         
        183        3642.48035                                                                                                                         
        184        5110.48035                                                                                                                         
        185        4720.48035                                                                                                                         

EMPLOYEE_ID SYSDATE-HIRE_DATE                                                                                                                         
----------- -----------------                                                                                                                         
        186        4231.48035                                                                                                                         
        187        4003.48035                                                                                                                         
        188        4606.48035                                                                                                                         
        189        4546.48035                                                                                                                         
        190        4214.48035                                                                                                                         
        191        3688.48035                                                                                                                         
        192        5102.48035                                                                                                                         
        193        4709.48035                                                                                                                         
        194        4224.48035                                                                                                                         
        195        3965.48035                                                                                                                         
        196        4292.48035                                                                                                                         

EMPLOYEE_ID SYSDATE-HIRE_DATE                                                                                                                         
----------- -----------------                                                                                                                         
        197        4263.48035                                                                                                                         

45 rows selected.

HR@orcl> ed
Wrote file afiedt.buf

  1  SELECT employee_id, TRUNC(sysdate-hire_date) FROM employees
  2* WHERE department_id =50
HR@orcl> /

EMPLOYEE_ID TRUNC(SYSDATE-HIRE_DATE)                                                                                                                  
----------- ------------------------                                                                                                                  
        198                     3869                                                                                                                  
        199                     3663                                                                                                                  
        120                     4937                                                                                                                  
        121                     4671                                                                                                                  
        122                     5381                                                                                                                  
        123                     4488                                                                                                                  
        124                     3721                                                                                                                  
        125                     4574                                                                                                                  
        126                     4135                                                                                                                  
        127                     4027                                                                                                                  
        128                     3608                                                                                                                  

EMPLOYEE_ID TRUNC(SYSDATE-HIRE_DATE)                                                                                                                  
----------- ------------------------                                                                                                                  
        129                     4539                                                                                                                  
        130                     4468                                                                                                                  
        131                     4724                                                                                                                  
        132                     3941                                                                                                                  
        133                     4971                                                                                                                  
        134                     4168                                                                                                                  
        135                     3695                                                                                                                  
        136                     3639                                                                                                                  
        137                     5307                                                                                                                  
        138                     4472                                                                                                                  
        139                     4363                                                                                                                  

EMPLOYEE_ID TRUNC(SYSDATE-HIRE_DATE)                                                                                                                  
----------- ------------------------                                                                                                                  
        140                     4310                                                                                                                  
        141                     5212                                                                                                                  
        142                     4742                                                                                                                  
        143                     4332                                                                                                                  
        144                     4216                                                                                                                  
        180                     4382                                                                                                                  
        181                     4352                                                                                                                  
        182                     3869                                                                                                                  
        183                     3642                                                                                                                  
        184                     5110                                                                                                                  
        185                     4720                                                                                                                  

EMPLOYEE_ID TRUNC(SYSDATE-HIRE_DATE)                                                                                                                  
----------- ------------------------                                                                                                                  
        186                     4231                                                                                                                  
        187                     4003                                                                                                                  
        188                     4606                                                                                                                  
        189                     4546                                                                                                                  
        190                     4214                                                                                                                  
        191                     3688                                                                                                                  
        192                     5102                                                                                                                  
        193                     4709                                                                                                                  
        194                     4224                                                                                                                  
        195                     3965                                                                                                                  
        196                     4292                                                                                                                  

EMPLOYEE_ID TRUNC(SYSDATE-HIRE_DATE)                                                                                                                  
----------- ------------------------                                                                                                                  
        197                     4263                                                                                                                  

45 rows selected.

HR@orcl> ed
Wrote file afiedt.buf

  1  SELECT employee_id, TRUNC((sysdate-hire_date)/7) FROM employees
  2* WHERE department_id =50
HR@orcl> /

EMPLOYEE_ID TRUNC((SYSDATE-HIRE_DATE)/7)                                                                                                              
----------- ----------------------------                                                                                                              
        198                          552                                                                                                              
        199                          523                                                                                                              
        120                          705                                                                                                              
        121                          667                                                                                                              
        122                          768                                                                                                              
        123                          641                                                                                                              
        124                          531                                                                                                              
        125                          653                                                                                                              
        126                          590                                                                                                              
        127                          575                                                                                                              
        128                          515                                                                                                              

EMPLOYEE_ID TRUNC((SYSDATE-HIRE_DATE)/7)                                                                                                              
----------- ----------------------------                                                                                                              
        129                          648                                                                                                              
        130                          638                                                                                                              
        131                          674                                                                                                              
        132                          563                                                                                                              
        133                          710                                                                                                              
        134                          595                                                                                                              
        135                          527                                                                                                              
        136                          519                                                                                                              
        137                          758                                                                                                              
        138                          638                                                                                                              
        139                          623                                                                                                              

EMPLOYEE_ID TRUNC((SYSDATE-HIRE_DATE)/7)                                                                                                              
----------- ----------------------------                                                                                                              
        140                          615                                                                                                              
        141                          744                                                                                                              
        142                          677                                                                                                              
        143                          618                                                                                                              
        144                          602                                                                                                              
        180                          626                                                                                                              
        181                          621                                                                                                              
        182                          552                                                                                                              
        183                          520                                                                                                              
        184                          730                                                                                                              
        185                          674                                                                                                              

EMPLOYEE_ID TRUNC((SYSDATE-HIRE_DATE)/7)                                                                                                              
----------- ----------------------------                                                                                                              
        186                          604                                                                                                              
        187                          571                                                                                                              
        188                          658                                                                                                              
        189                          649                                                                                                              
        190                          602                                                                                                              
        191                          526                                                                                                              
        192                          728                                                                                                              
        193                          672                                                                                                              
        194                          603                                                                                                              
        195                          566                                                                                                              
        196                          613                                                                                                              

EMPLOYEE_ID TRUNC((SYSDATE-HIRE_DATE)/7)                                                                                                              
----------- ----------------------------                                                                                                              
        197                          609                                                                                                              

45 rows selected.

HR@orcl> SELECT sysdate, sysdate+1/24 FROM dual;

SYSDATE             SYSDATE+1/24                                                                                                                      
------------------- -------------------                                                                                                               
2018/01/23 11:36:21 2018/01/23 12:36:21                                                                                                               

HR@orcl> ed
Wrote file afiedt.buf

  1* SELECT sysdate, sysdate+30/(24*60) FROM dual
HR@orcl> /

SYSDATE             SYSDATE+30/(24*60)                                                                                                                
------------------- -------------------                                                                                                               
2018/01/23 11:37:39 2018/01/23 12:07:39                                                                                                               

HR@orcl> SELECT employee_id, MONTHS_BETWEEN(sysdate, hire_date)
  2  FROM employees
  3  WHERE department_id = 50;

EMPLOYEE_ID MONTHS_BETWEEN(SYSDATE,HIRE_DATE)                                                                                                         
----------- ---------------------------------                                                                                                         
        198                        127.080287                                                                                                         
        199                        120.338352                                                                                                         
        120                        162.177061                                                                                                         
        121                        153.435126                                                                                                         
        122                        176.725448                                                                                                         
        123                        147.435126                                                                                                         
        124                        122.241577                                                                                                         
        125                        150.241577                                                                                                         
        126                        135.854481                                                                                                         
        127                        132.306094                                                                                                         
        128                        118.499642                                                                                                         

EMPLOYEE_ID MONTHS_BETWEEN(SYSDATE,HIRE_DATE)                                                                                                         
----------- ---------------------------------                                                                                                         
        129                        149.112545                                                                                                         
        130                        146.789965                                                                                                         
        131                        155.241577                                                                                                         
        132                        129.435126                                                                                                         
        133                        163.306094                                                                                                         
        134                        136.918997                                                                                                         
        135                         121.37061                                                                                                         
        136                        119.564158                                                                                                         
        137                        174.306094                                                                                                         
        138                        146.918997                                                                                                         
        139                         143.37061                                                                                                         

EMPLOYEE_ID MONTHS_BETWEEN(SYSDATE,HIRE_DATE)                                                                                                         
----------- ---------------------------------                                                                                                         
        140                        141.564158                                                                                                         
        141                        171.209319                                                                                                         
        142                        155.822223                                                                                                         
        143                        142.273835                                                                                                         
        144                        138.467384                                                                                                         
        180                        143.983513                                                                                                         
        181                               143                                                                                                         
        182                        127.080287                                                                                                         
        183                        119.660932                                                                                                         
        184                        167.886739                                                                                                         
        185                        155.112545                                                                                                         

EMPLOYEE_ID MONTHS_BETWEEN(SYSDATE,HIRE_DATE)                                                                                                         
----------- ---------------------------------                                                                                                         
        186                        138.983513                                                                                                         
        187                          131.5319                                                                                                         
        188                        151.306094                                                                                                         
        189                        149.338352                                                                                                         
        190                        138.402868                                                                                                         
        191                        121.144803                                                                                                         
        192                        167.628674                                                                                                         
        193                        154.660932                                                                                                         
        194                        138.725448                                                                                                         
        195                        130.209319                                                                                                         
        196                        140.983513                                                                                                         

EMPLOYEE_ID MONTHS_BETWEEN(SYSDATE,HIRE_DATE)                                                                                                         
----------- ---------------------------------                                                                                                         
        197                               140                                                                                                         

45 rows selected.

HR@orcl> Ed
Wrote file afiedt.buf

  1  SELECT employee_id, hire_date, ADD_MONTHS(hiredate,6)
  2  FROM employees
  3* WHERE department_id = 50
HR@orcl> /
SELECT employee_id, hire_date, ADD_MONTHS(hiredate,6)
                                          *
ERROR at line 1:
ORA-00904: "HIREDATE": invalid identifier 


HR@orcl> ed
Wrote file afiedt.buf

  1  SELECT employee_id, hire_date, ADD_MONTHS(hire_date,6)
  2  FROM employees
  3* WHERE department_id = 50
HR@orcl> /

EMPLOYEE_ID HIRE_DATE           ADD_MONTHS(HIRE_DAT                                                                                                   
----------- ------------------- -------------------                                                                                                   
        198 2007/06/21 00:00:00 2007/12/21 00:00:00                                                                                                   
        199 2008/01/13 00:00:00 2008/07/13 00:00:00                                                                                                   
        120 2004/07/18 00:00:00 2005/01/18 00:00:00                                                                                                   
        121 2005/04/10 00:00:00 2005/10/10 00:00:00                                                                                                   
        122 2003/05/01 00:00:00 2003/11/01 00:00:00                                                                                                   
        123 2005/10/10 00:00:00 2006/04/10 00:00:00                                                                                                   
        124 2007/11/16 00:00:00 2008/05/16 00:00:00                                                                                                   
        125 2005/07/16 00:00:00 2006/01/16 00:00:00                                                                                                   
        126 2006/09/28 00:00:00 2007/03/28 00:00:00                                                                                                   
        127 2007/01/14 00:00:00 2007/07/14 00:00:00                                                                                                   
        128 2008/03/08 00:00:00 2008/09/08 00:00:00                                                                                                   

EMPLOYEE_ID HIRE_DATE           ADD_MONTHS(HIRE_DAT                                                                                                   
----------- ------------------- -------------------                                                                                                   
        129 2005/08/20 00:00:00 2006/02/20 00:00:00                                                                                                   
        130 2005/10/30 00:00:00 2006/04/30 00:00:00                                                                                                   
        131 2005/02/16 00:00:00 2005/08/16 00:00:00                                                                                                   
        132 2007/04/10 00:00:00 2007/10/10 00:00:00                                                                                                   
        133 2004/06/14 00:00:00 2004/12/14 00:00:00                                                                                                   
        134 2006/08/26 00:00:00 2007/02/26 00:00:00                                                                                                   
        135 2007/12/12 00:00:00 2008/06/12 00:00:00                                                                                                   
        136 2008/02/06 00:00:00 2008/08/06 00:00:00                                                                                                   
        137 2003/07/14 00:00:00 2004/01/14 00:00:00                                                                                                   
        138 2005/10/26 00:00:00 2006/04/26 00:00:00                                                                                                   
        139 2006/02/12 00:00:00 2006/08/12 00:00:00                                                                                                   

EMPLOYEE_ID HIRE_DATE           ADD_MONTHS(HIRE_DAT                                                                                                   
----------- ------------------- -------------------                                                                                                   
        140 2006/04/06 00:00:00 2006/10/06 00:00:00                                                                                                   
        141 2003/10/17 00:00:00 2004/04/17 00:00:00                                                                                                   
        142 2005/01/29 00:00:00 2005/07/29 00:00:00                                                                                                   
        143 2006/03/15 00:00:00 2006/09/15 00:00:00                                                                                                   
        144 2006/07/09 00:00:00 2007/01/09 00:00:00                                                                                                   
        180 2006/01/24 00:00:00 2006/07/24 00:00:00                                                                                                   
        181 2006/02/23 00:00:00 2006/08/23 00:00:00                                                                                                   
        182 2007/06/21 00:00:00 2007/12/21 00:00:00                                                                                                   
        183 2008/02/03 00:00:00 2008/08/03 00:00:00                                                                                                   
        184 2004/01/27 00:00:00 2004/07/27 00:00:00                                                                                                   
        185 2005/02/20 00:00:00 2005/08/20 00:00:00                                                                                                   

EMPLOYEE_ID HIRE_DATE           ADD_MONTHS(HIRE_DAT                                                                                                   
----------- ------------------- -------------------                                                                                                   
        186 2006/06/24 00:00:00 2006/12/24 00:00:00                                                                                                   
        187 2007/02/07 00:00:00 2007/08/07 00:00:00                                                                                                   
        188 2005/06/14 00:00:00 2005/12/14 00:00:00                                                                                                   
        189 2005/08/13 00:00:00 2006/02/13 00:00:00                                                                                                   
        190 2006/07/11 00:00:00 2007/01/11 00:00:00                                                                                                   
        191 2007/12/19 00:00:00 2008/06/19 00:00:00                                                                                                   
        192 2004/02/04 00:00:00 2004/08/04 00:00:00                                                                                                   
        193 2005/03/03 00:00:00 2005/09/03 00:00:00                                                                                                   
        194 2006/07/01 00:00:00 2007/01/01 00:00:00                                                                                                   
        195 2007/03/17 00:00:00 2007/09/17 00:00:00                                                                                                   
        196 2006/04/24 00:00:00 2006/10/24 00:00:00                                                                                                   

EMPLOYEE_ID HIRE_DATE           ADD_MONTHS(HIRE_DAT                                                                                                   
----------- ------------------- -------------------                                                                                                   
        197 2006/05/23 00:00:00 2006/11/23 00:00:00                                                                                                   

45 rows selected.

HR@orcl> ed
Wrote file afiedt.buf

  1  SELECT employee_id, hire_date, ADD_MONTHS(hire_date,120)
  2  FROM employees
  3* WHERE department_id = 50
HR@orcl> /

EMPLOYEE_ID HIRE_DATE           ADD_MONTHS(HIRE_DAT                                                                                                   
----------- ------------------- -------------------                                                                                                   
        198 2007/06/21 00:00:00 2017/06/21 00:00:00                                                                                                   
        199 2008/01/13 00:00:00 2018/01/13 00:00:00                                                                                                   
        120 2004/07/18 00:00:00 2014/07/18 00:00:00                                                                                                   
        121 2005/04/10 00:00:00 2015/04/10 00:00:00                                                                                                   
        122 2003/05/01 00:00:00 2013/05/01 00:00:00                                                                                                   
        123 2005/10/10 00:00:00 2015/10/10 00:00:00                                                                                                   
        124 2007/11/16 00:00:00 2017/11/16 00:00:00                                                                                                   
        125 2005/07/16 00:00:00 2015/07/16 00:00:00                                                                                                   
        126 2006/09/28 00:00:00 2016/09/28 00:00:00                                                                                                   
        127 2007/01/14 00:00:00 2017/01/14 00:00:00                                                                                                   
        128 2008/03/08 00:00:00 2018/03/08 00:00:00                                                                                                   

EMPLOYEE_ID HIRE_DATE           ADD_MONTHS(HIRE_DAT                                                                                                   
----------- ------------------- -------------------                                                                                                   
        129 2005/08/20 00:00:00 2015/08/20 00:00:00                                                                                                   
        130 2005/10/30 00:00:00 2015/10/30 00:00:00                                                                                                   
        131 2005/02/16 00:00:00 2015/02/16 00:00:00                                                                                                   
        132 2007/04/10 00:00:00 2017/04/10 00:00:00                                                                                                   
        133 2004/06/14 00:00:00 2014/06/14 00:00:00                                                                                                   
        134 2006/08/26 00:00:00 2016/08/26 00:00:00                                                                                                   
        135 2007/12/12 00:00:00 2017/12/12 00:00:00                                                                                                   
        136 2008/02/06 00:00:00 2018/02/06 00:00:00                                                                                                   
        137 2003/07/14 00:00:00 2013/07/14 00:00:00                                                                                                   
        138 2005/10/26 00:00:00 2015/10/26 00:00:00                                                                                                   
        139 2006/02/12 00:00:00 2016/02/12 00:00:00                                                                                                   

EMPLOYEE_ID HIRE_DATE           ADD_MONTHS(HIRE_DAT                                                                                                   
----------- ------------------- -------------------                                                                                                   
        140 2006/04/06 00:00:00 2016/04/06 00:00:00                                                                                                   
        141 2003/10/17 00:00:00 2013/10/17 00:00:00                                                                                                   
        142 2005/01/29 00:00:00 2015/01/29 00:00:00                                                                                                   
        143 2006/03/15 00:00:00 2016/03/15 00:00:00                                                                                                   
        144 2006/07/09 00:00:00 2016/07/09 00:00:00                                                                                                   
        180 2006/01/24 00:00:00 2016/01/24 00:00:00                                                                                                   
        181 2006/02/23 00:00:00 2016/02/23 00:00:00                                                                                                   
        182 2007/06/21 00:00:00 2017/06/21 00:00:00                                                                                                   
        183 2008/02/03 00:00:00 2018/02/03 00:00:00                                                                                                   
        184 2004/01/27 00:00:00 2014/01/27 00:00:00                                                                                                   
        185 2005/02/20 00:00:00 2015/02/20 00:00:00                                                                                                   

EMPLOYEE_ID HIRE_DATE           ADD_MONTHS(HIRE_DAT                                                                                                   
----------- ------------------- -------------------                                                                                                   
        186 2006/06/24 00:00:00 2016/06/24 00:00:00                                                                                                   
        187 2007/02/07 00:00:00 2017/02/07 00:00:00                                                                                                   
        188 2005/06/14 00:00:00 2015/06/14 00:00:00                                                                                                   
        189 2005/08/13 00:00:00 2015/08/13 00:00:00                                                                                                   
        190 2006/07/11 00:00:00 2016/07/11 00:00:00                                                                                                   
        191 2007/12/19 00:00:00 2017/12/19 00:00:00                                                                                                   
        192 2004/02/04 00:00:00 2014/02/04 00:00:00                                                                                                   
        193 2005/03/03 00:00:00 2015/03/03 00:00:00                                                                                                   
        194 2006/07/01 00:00:00 2016/07/01 00:00:00                                                                                                   
        195 2007/03/17 00:00:00 2017/03/17 00:00:00                                                                                                   
        196 2006/04/24 00:00:00 2016/04/24 00:00:00                                                                                                   

EMPLOYEE_ID HIRE_DATE           ADD_MONTHS(HIRE_DAT                                                                                                   
----------- ------------------- -------------------                                                                                                   
        197 2006/05/23 00:00:00 2016/05/23 00:00:00                                                                                                   

45 rows selected.

HR@orcl> SELECT sysdate, NEXT_DAY(sysdate, 'sunday') FROM dual;

SYSDATE             NEXT_DAY(SYSDATE,'S                                                                                                               
------------------- -------------------                                                                                                               
2018/01/23 11:48:56 2018/01/28 11:48:56                                                                                                               

HR@orcl> 1* SELECT sysdate, NEXT_DAY(sysdate, 1) FROM dual
SP2-0734: unknown command beginning "1* SELECT ..." - rest of line ignored.
HR@orcl> /

SYSDATE             NEXT_DAY(SYSDATE,'S                                                                                                               
------------------- -------------------                                                                                                               
2018/01/23 11:51:13 2018/01/28 11:51:13                                                                                                               

HR@orcl> ed
Wrote file afiedt.buf

  1* SELECT sysdate, NEXT_DAY(sysdate, 1) FROM dual
HR@orcl> /

SYSDATE             NEXT_DAY(SYSDATE,1)                                                                                                               
------------------- -------------------                                                                                                               
2018/01/23 11:51:30 2018/01/28 11:51:30                                                                                                               

HR@orcl> SELECT ROUND(sysdate,'dd') FROM dual;

ROUND(SYSDATE,'DD')                                                                                                                                   
-------------------                                                                                                                                   
2018/01/24 00:00:00                                                                                                                                   

HR@orcl> ed
Wrote file afiedt.buf

  1* SELECT ROUND(sysdate,'mm') FROM dual
HR@orcl> /

ROUND(SYSDATE,'MM')                                                                                                                                   
-------------------                                                                                                                                   
2018/02/01 00:00:00                                                                                                                                   

HR@orcl> ed
Wrote file afiedt.buf

  1* SELECT ROUND(sysdate,'yy') FROM dual
HR@orcl> /

ROUND(SYSDATE,'YY')                                                                                                                                   
-------------------                                                                                                                                   
2018/01/01 00:00:00                                                                                                                                   

HR@orcl> ed
Wrote file afiedt.buf

  1* SELECT ROUND(sysdate,'D') FROM dual
HR@orcl> /

ROUND(SYSDATE,'D')                                                                                                                                    
-------------------                                                                                                                                   
2018/01/21 00:00:00                                                                                                                                   

HR@orcl> ed
Wrote file afiedt.buf

  1* SELECT ROUND(sysdate,'d') FROM dual
HR@orcl> /

ROUND(SYSDATE,'D')                                                                                                                                    
-------------------                                                                                                                                   
2018/01/21 00:00:00                                                                                                                                   

HR@orcl> ed
Wrote file afiedt.buf

  1* SELECT ROUND(sysdate,'d') FROM dual
HR@orcl> SELECT employee_id, hire_date, MONTHS_BETWEEN (SYSDATE, hire_date) TENURE, ADD_MONTHS (hire_date, 6) REVIEW, NEXT_DAY (hire_date, 'FRIDAY'), LAST_DAY(hire_date);
SELECT employee_id, hire_date, MONTHS_BETWEEN (SYSDATE, hire_date) TENURE, ADD_MONTHS (hire_date, 6) REVIEW, NEXT_DAY (hire_date, 'FRIDAY'), LAST_DAY(hire_date)
                                                                                                                                                               *
ERROR at line 1:
ORA-00923: FROM keyword not found where expected 


HR@orcl> ed
Wrote file afiedt.buf

  1  SELECT employee_id, hire_date, MONTHS_BETWEEN (SYSDATE, hire_date) TENURE, 
  2  ADD_MONTHS (hire_date, 6) REVIEW,  NEXT_DAY (hire_date, 'FRIDAY'), 
  3* LAST_DAY(hire_date)
HR@orcl> /
LAST_DAY(hire_date)
                  *
ERROR at line 3:
ORA-00923: FROM keyword not found where expected 


HR@orcl> ed
Wrote file afiedt.buf

  1  SELECT employee_id, hire_date, MONTHS_BETWEEN (SYSDATE, hire_date) TENURE, 
  2  ADD_MONTHS (hire_date, 6) REVIEW,  NEXT_DAY (hire_date, 'FRIDAY'), 
  3* LAST_DAY(hire_date)
HR@orcl> ed
Wrote file afiedt.buf

  1  SELECT employee_id, hire_date, MONTHS_BETWEEN (SYSDATE, hire_date) TENURE, 
  2  ADD_MONTHS (hire_date, 6) REVIEW,  NEXT_DAY (hire_date, 'FRIDAY'), 
  3  LAST_DAY(hire_date)
  4* FROM employees
HR@orcl> /

EMPLOYEE_ID HIRE_DATE               TENURE REVIEW              NEXT_DAY(HIRE_DATE, LAST_DAY(HIRE_DATE)                                                
----------- ------------------- ---------- ------------------- ------------------- -------------------                                                
        198 2007/06/21 00:00:00 127.081017 2007/12/21 00:00:00 2007/06/22 00:00:00 2007/06/30 00:00:00                                                
        199 2008/01/13 00:00:00 120.339081 2008/07/13 00:00:00 2008/01/18 00:00:00 2008/01/31 00:00:00                                                
        200 2003/09/17 00:00:00 172.210049 2004/03/17 00:00:00 2003/09/19 00:00:00 2003/09/30 00:00:00                                                
        201 2004/02/17 00:00:00 167.210049 2004/08/17 00:00:00 2004/02/20 00:00:00 2004/02/29 00:00:00                                                
        202 2005/08/17 00:00:00 149.210049 2006/02/17 00:00:00 2005/08/19 00:00:00 2005/08/31 00:00:00                                                
        203 2002/06/07 00:00:00  187.53263 2002/12/07 00:00:00 2002/06/14 00:00:00 2002/06/30 00:00:00                                                
        204 2002/06/07 00:00:00  187.53263 2002/12/07 00:00:00 2002/06/14 00:00:00 2002/06/30 00:00:00                                                
        205 2002/06/07 00:00:00  187.53263 2002/12/07 00:00:00 2002/06/14 00:00:00 2002/06/30 00:00:00                                                
        206 2002/06/07 00:00:00  187.53263 2002/12/07 00:00:00 2002/06/14 00:00:00 2002/06/30 00:00:00                                                
        100 2003/06/17 00:00:00 175.210049 2003/12/17 00:00:00 2003/06/20 00:00:00 2003/06/30 00:00:00                                                
        101 2005/09/21 00:00:00 148.081017 2006/03/21 00:00:00 2005/09/23 00:00:00 2005/09/30 00:00:00                                                

EMPLOYEE_ID HIRE_DATE               TENURE REVIEW              NEXT_DAY(HIRE_DATE, LAST_DAY(HIRE_DATE)                                                
----------- ------------------- ---------- ------------------- ------------------- -------------------                                                
        102 2001/01/13 00:00:00 204.339081 2001/07/13 00:00:00 2001/01/19 00:00:00 2001/01/31 00:00:00                                                
        103 2006/01/03 00:00:00 144.661662 2006/07/03 00:00:00 2006/01/06 00:00:00 2006/01/31 00:00:00                                                
        104 2007/05/21 00:00:00 128.081017 2007/11/21 00:00:00 2007/05/25 00:00:00 2007/05/31 00:00:00                                                
        105 2005/06/25 00:00:00 150.951984 2005/12/25 00:00:00 2005/07/01 00:00:00 2005/06/30 00:00:00                                                
        106 2006/02/05 00:00:00 143.597146 2006/08/05 00:00:00 2006/02/10 00:00:00 2006/02/28 00:00:00                                                
        107 2007/02/07 00:00:00  131.53263 2007/08/07 00:00:00 2007/02/09 00:00:00 2007/02/28 00:00:00                                                
        108 2002/08/17 00:00:00 185.210049 2003/02/17 00:00:00 2002/08/23 00:00:00 2002/08/31 00:00:00                                                
        109 2002/08/16 00:00:00 185.242307 2003/02/16 00:00:00 2002/08/23 00:00:00 2002/08/31 00:00:00                                                
        110 2005/09/28 00:00:00  147.85521 2006/03/28 00:00:00 2005/09/30 00:00:00 2005/09/30 00:00:00                                                
        111 2005/09/30 00:00:00 147.790694 2006/03/31 00:00:00 2005/10/07 00:00:00 2005/09/30 00:00:00                                                
        112 2006/03/07 00:00:00  142.53263 2006/09/07 00:00:00 2006/03/10 00:00:00 2006/03/31 00:00:00                                                

EMPLOYEE_ID HIRE_DATE               TENURE REVIEW              NEXT_DAY(HIRE_DATE, LAST_DAY(HIRE_DATE)                                                
----------- ------------------- ---------- ------------------- ------------------- -------------------                                                
        113 2007/12/07 00:00:00  121.53263 2008/06/07 00:00:00 2007/12/14 00:00:00 2007/12/31 00:00:00                                                
        114 2002/12/07 00:00:00  181.53263 2003/06/07 00:00:00 2002/12/13 00:00:00 2002/12/31 00:00:00                                                
        115 2003/05/18 00:00:00 176.177791 2003/11/18 00:00:00 2003/05/23 00:00:00 2003/05/31 00:00:00                                                
        116 2005/12/24 00:00:00 144.984242 2006/06/24 00:00:00 2005/12/30 00:00:00 2005/12/31 00:00:00                                                
        117 2005/07/24 00:00:00 149.984242 2006/01/24 00:00:00 2005/07/29 00:00:00 2005/07/31 00:00:00                                                
        118 2006/11/15 00:00:00 134.274565 2007/05/15 00:00:00 2006/11/17 00:00:00 2006/11/30 00:00:00                                                
        119 2007/08/10 00:00:00 125.435855 2008/02/10 00:00:00 2007/08/17 00:00:00 2007/08/31 00:00:00                                                
        120 2004/07/18 00:00:00 162.177791 2005/01/18 00:00:00 2004/07/23 00:00:00 2004/07/31 00:00:00                                                
        121 2005/04/10 00:00:00 153.435855 2005/10/10 00:00:00 2005/04/15 00:00:00 2005/04/30 00:00:00                                                
        122 2003/05/01 00:00:00 176.726178 2003/11/01 00:00:00 2003/05/02 00:00:00 2003/05/31 00:00:00                                                
        123 2005/10/10 00:00:00 147.435855 2006/04/10 00:00:00 2005/10/14 00:00:00 2005/10/31 00:00:00                                                

EMPLOYEE_ID HIRE_DATE               TENURE REVIEW              NEXT_DAY(HIRE_DATE, LAST_DAY(HIRE_DATE)                                                
----------- ------------------- ---------- ------------------- ------------------- -------------------                                                
        124 2007/11/16 00:00:00 122.242307 2008/05/16 00:00:00 2007/11/23 00:00:00 2007/11/30 00:00:00                                                
        125 2005/07/16 00:00:00 150.242307 2006/01/16 00:00:00 2005/07/22 00:00:00 2005/07/31 00:00:00                                                
        126 2006/09/28 00:00:00  135.85521 2007/03/28 00:00:00 2006/09/29 00:00:00 2006/09/30 00:00:00                                                
        127 2007/01/14 00:00:00 132.306823 2007/07/14 00:00:00 2007/01/19 00:00:00 2007/01/31 00:00:00                                                
        128 2008/03/08 00:00:00 118.500371 2008/09/08 00:00:00 2008/03/14 00:00:00 2008/03/31 00:00:00                                                
        129 2005/08/20 00:00:00 149.113275 2006/02/20 00:00:00 2005/08/26 00:00:00 2005/08/31 00:00:00                                                
        130 2005/10/30 00:00:00 146.790694 2006/04/30 00:00:00 2005/11/04 00:00:00 2005/10/31 00:00:00                                                
        131 2005/02/16 00:00:00 155.242307 2005/08/16 00:00:00 2005/02/18 00:00:00 2005/02/28 00:00:00                                                
        132 2007/04/10 00:00:00 129.435855 2007/10/10 00:00:00 2007/04/13 00:00:00 2007/04/30 00:00:00                                                
        133 2004/06/14 00:00:00 163.306823 2004/12/14 00:00:00 2004/06/18 00:00:00 2004/06/30 00:00:00                                                
        134 2006/08/26 00:00:00 136.919726 2007/02/26 00:00:00 2006/09/01 00:00:00 2006/08/31 00:00:00                                                

EMPLOYEE_ID HIRE_DATE               TENURE REVIEW              NEXT_DAY(HIRE_DATE, LAST_DAY(HIRE_DATE)                                                
----------- ------------------- ---------- ------------------- ------------------- -------------------                                                
        135 2007/12/12 00:00:00 121.371339 2008/06/12 00:00:00 2007/12/14 00:00:00 2007/12/31 00:00:00                                                
        136 2008/02/06 00:00:00 119.564888 2008/08/06 00:00:00 2008/02/08 00:00:00 2008/02/29 00:00:00                                                
        137 2003/07/14 00:00:00 174.306823 2004/01/14 00:00:00 2003/07/18 00:00:00 2003/07/31 00:00:00                                                
        138 2005/10/26 00:00:00 146.919726 2006/04/26 00:00:00 2005/10/28 00:00:00 2005/10/31 00:00:00                                                
        139 2006/02/12 00:00:00 143.371339 2006/08/12 00:00:00 2006/02/17 00:00:00 2006/02/28 00:00:00                                                
        140 2006/04/06 00:00:00 141.564888 2006/10/06 00:00:00 2006/04/07 00:00:00 2006/04/30 00:00:00                                                
        141 2003/10/17 00:00:00 171.210049 2004/04/17 00:00:00 2003/10/24 00:00:00 2003/10/31 00:00:00                                                
        142 2005/01/29 00:00:00 155.822952 2005/07/29 00:00:00 2005/02/04 00:00:00 2005/01/31 00:00:00                                                
        143 2006/03/15 00:00:00 142.274565 2006/09/15 00:00:00 2006/03/17 00:00:00 2006/03/31 00:00:00                                                
        144 2006/07/09 00:00:00 138.468113 2007/01/09 00:00:00 2006/07/14 00:00:00 2006/07/31 00:00:00                                                
        145 2004/10/01 00:00:00 159.726178 2005/04/01 00:00:00 2004/10/08 00:00:00 2004/10/31 00:00:00                                                

EMPLOYEE_ID HIRE_DATE               TENURE REVIEW              NEXT_DAY(HIRE_DATE, LAST_DAY(HIRE_DATE)                                                
----------- ------------------- ---------- ------------------- ------------------- -------------------                                                
        146 2005/01/05 00:00:00 156.597146 2005/07/05 00:00:00 2005/01/07 00:00:00 2005/01/31 00:00:00                                                
        147 2005/03/10 00:00:00 154.435855 2005/09/10 00:00:00 2005/03/11 00:00:00 2005/03/31 00:00:00                                                
        148 2007/10/15 00:00:00 123.274565 2008/04/15 00:00:00 2007/10/19 00:00:00 2007/10/31 00:00:00                                                
        149 2008/01/29 00:00:00 119.822952 2008/07/29 00:00:00 2008/02/01 00:00:00 2008/01/31 00:00:00                                                
        150 2005/01/30 00:00:00 155.790694 2005/07/30 00:00:00 2005/02/04 00:00:00 2005/01/31 00:00:00                                                
        151 2005/03/24 00:00:00 153.984242 2005/09/24 00:00:00 2005/03/25 00:00:00 2005/03/31 00:00:00                                                
        152 2005/08/20 00:00:00 149.113275 2006/02/20 00:00:00 2005/08/26 00:00:00 2005/08/31 00:00:00                                                
        153 2006/03/30 00:00:00 141.790694 2006/09/30 00:00:00 2006/03/31 00:00:00 2006/03/31 00:00:00                                                
        154 2006/12/09 00:00:00 133.468113 2007/06/09 00:00:00 2006/12/15 00:00:00 2006/12/31 00:00:00                                                
        155 2007/11/23 00:00:00        122 2008/05/23 00:00:00 2007/11/30 00:00:00 2007/11/30 00:00:00                                                
        156 2004/01/30 00:00:00 167.790694 2004/07/30 00:00:00 2004/02/06 00:00:00 2004/01/31 00:00:00                                                

EMPLOYEE_ID HIRE_DATE               TENURE REVIEW              NEXT_DAY(HIRE_DATE, LAST_DAY(HIRE_DATE)                                                
----------- ------------------- ---------- ------------------- ------------------- -------------------                                                
        157 2004/03/04 00:00:00 166.629404 2004/09/04 00:00:00 2004/03/05 00:00:00 2004/03/31 00:00:00                                                
        158 2004/08/01 00:00:00 161.726178 2005/02/01 00:00:00 2004/08/06 00:00:00 2004/08/31 00:00:00                                                
        159 2005/03/10 00:00:00 154.435855 2005/09/10 00:00:00 2005/03/11 00:00:00 2005/03/31 00:00:00                                                
        160 2005/12/15 00:00:00 145.274565 2006/06/15 00:00:00 2005/12/16 00:00:00 2005/12/31 00:00:00                                                
        161 2006/11/03 00:00:00 134.661662 2007/05/03 00:00:00 2006/11/10 00:00:00 2006/11/30 00:00:00                                                
        162 2005/11/11 00:00:00 146.403597 2006/05/11 00:00:00 2005/11/18 00:00:00 2005/11/30 00:00:00                                                
        163 2007/03/19 00:00:00 130.145533 2007/09/19 00:00:00 2007/03/23 00:00:00 2007/03/31 00:00:00                                                
        164 2008/01/24 00:00:00 119.984242 2008/07/24 00:00:00 2008/01/25 00:00:00 2008/01/31 00:00:00                                                
        165 2008/02/23 00:00:00        119 2008/08/23 00:00:00 2008/02/29 00:00:00 2008/02/29 00:00:00                                                
        166 2008/03/24 00:00:00 117.984242 2008/09/24 00:00:00 2008/03/28 00:00:00 2008/03/31 00:00:00                                                
        167 2008/04/21 00:00:00 117.081017 2008/10/21 00:00:00 2008/04/25 00:00:00 2008/04/30 00:00:00                                                

EMPLOYEE_ID HIRE_DATE               TENURE REVIEW              NEXT_DAY(HIRE_DATE, LAST_DAY(HIRE_DATE)                                                
----------- ------------------- ---------- ------------------- ------------------- -------------------                                                
        168 2005/03/11 00:00:00 154.403597 2005/09/11 00:00:00 2005/03/18 00:00:00 2005/03/31 00:00:00                                                
        169 2006/03/23 00:00:00        142 2006/09/23 00:00:00 2006/03/24 00:00:00 2006/03/31 00:00:00                                                
        170 2006/01/24 00:00:00 143.984242 2006/07/24 00:00:00 2006/01/27 00:00:00 2006/01/31 00:00:00                                                
        171 2007/02/23 00:00:00        131 2007/08/23 00:00:00 2007/03/02 00:00:00 2007/02/28 00:00:00                                                
        172 2007/03/24 00:00:00 129.984242 2007/09/24 00:00:00 2007/03/30 00:00:00 2007/03/31 00:00:00                                                
        173 2008/04/21 00:00:00 117.081017 2008/10/21 00:00:00 2008/04/25 00:00:00 2008/04/30 00:00:00                                                
        174 2004/05/11 00:00:00 164.403597 2004/11/11 00:00:00 2004/05/14 00:00:00 2004/05/31 00:00:00                                                
        175 2005/03/19 00:00:00 154.145533 2005/09/19 00:00:00 2005/03/25 00:00:00 2005/03/31 00:00:00                                                
        176 2006/03/24 00:00:00 141.984242 2006/09/24 00:00:00 2006/03/31 00:00:00 2006/03/31 00:00:00                                                
        177 2006/04/23 00:00:00        141 2006/10/23 00:00:00 2006/04/28 00:00:00 2006/04/30 00:00:00                                                
        178 2007/05/24 00:00:00 127.984242 2007/11/24 00:00:00 2007/05/25 00:00:00 2007/05/31 00:00:00                                                

EMPLOYEE_ID HIRE_DATE               TENURE REVIEW              NEXT_DAY(HIRE_DATE, LAST_DAY(HIRE_DATE)                                                
----------- ------------------- ---------- ------------------- ------------------- -------------------                                                
        179 2008/01/04 00:00:00 120.629404 2008/07/04 00:00:00 2008/01/11 00:00:00 2008/01/31 00:00:00                                                
        180 2006/01/24 00:00:00 143.984242 2006/07/24 00:00:00 2006/01/27 00:00:00 2006/01/31 00:00:00                                                
        181 2006/02/23 00:00:00        143 2006/08/23 00:00:00 2006/02/24 00:00:00 2006/02/28 00:00:00                                                
        182 2007/06/21 00:00:00 127.081017 2007/12/21 00:00:00 2007/06/22 00:00:00 2007/06/30 00:00:00                                                
        183 2008/02/03 00:00:00 119.661662 2008/08/03 00:00:00 2008/02/08 00:00:00 2008/02/29 00:00:00                                                
        184 2004/01/27 00:00:00 167.887468 2004/07/27 00:00:00 2004/01/30 00:00:00 2004/01/31 00:00:00                                                
        185 2005/02/20 00:00:00 155.113275 2005/08/20 00:00:00 2005/02/25 00:00:00 2005/02/28 00:00:00                                                
        186 2006/06/24 00:00:00 138.984242 2006/12/24 00:00:00 2006/06/30 00:00:00 2006/06/30 00:00:00                                                
        187 2007/02/07 00:00:00  131.53263 2007/08/07 00:00:00 2007/02/09 00:00:00 2007/02/28 00:00:00                                                
        188 2005/06/14 00:00:00 151.306823 2005/12/14 00:00:00 2005/06/17 00:00:00 2005/06/30 00:00:00                                                
        189 2005/08/13 00:00:00 149.339081 2006/02/13 00:00:00 2005/08/19 00:00:00 2005/08/31 00:00:00                                                

EMPLOYEE_ID HIRE_DATE               TENURE REVIEW              NEXT_DAY(HIRE_DATE, LAST_DAY(HIRE_DATE)                                                
----------- ------------------- ---------- ------------------- ------------------- -------------------                                                
        190 2006/07/11 00:00:00 138.403597 2007/01/11 00:00:00 2006/07/14 00:00:00 2006/07/31 00:00:00                                                
        191 2007/12/19 00:00:00 121.145533 2008/06/19 00:00:00 2007/12/21 00:00:00 2007/12/31 00:00:00                                                
        192 2004/02/04 00:00:00 167.629404 2004/08/04 00:00:00 2004/02/06 00:00:00 2004/02/29 00:00:00                                                
        193 2005/03/03 00:00:00 154.661662 2005/09/03 00:00:00 2005/03/04 00:00:00 2005/03/31 00:00:00                                                
        194 2006/07/01 00:00:00 138.726178 2007/01/01 00:00:00 2006/07/07 00:00:00 2006/07/31 00:00:00                                                
        195 2007/03/17 00:00:00 130.210049 2007/09/17 00:00:00 2007/03/23 00:00:00 2007/03/31 00:00:00                                                
        196 2006/04/24 00:00:00 140.984242 2006/10/24 00:00:00 2006/04/28 00:00:00 2006/04/30 00:00:00                                                
        197 2006/05/23 00:00:00        140 2006/11/23 00:00:00 2006/05/26 00:00:00 2006/05/31 00:00:00                                                

107 rows selected.

HR@orcl> conn hr/hr
Connected.
HR@orcl> /

EMPLOYEE_ID HIRE_DATE     TENURE REVIEW    NEXT_DAY( LAST_DAY(                                                                                        
----------- --------- ---------- --------- --------- ---------                                                                                        
        198 21-JUN-07 127.081041 21-DEC-07 22-JUN-07 30-JUN-07                                                                                        
        199 13-JAN-08 120.339105 13-JUL-08 18-JAN-08 31-JAN-08                                                                                        
        200 17-SEP-03 172.210073 17-MAR-04 19-SEP-03 30-SEP-03                                                                                        
        201 17-FEB-04 167.210073 17-AUG-04 20-FEB-04 29-FEB-04                                                                                        
        202 17-AUG-05 149.210073 17-FEB-06 19-AUG-05 31-AUG-05                                                                                        
        203 07-JUN-02 187.532653 07-DEC-02 14-JUN-02 30-JUN-02                                                                                        
        204 07-JUN-02 187.532653 07-DEC-02 14-JUN-02 30-JUN-02                                                                                        
        205 07-JUN-02 187.532653 07-DEC-02 14-JUN-02 30-JUN-02                                                                                        
        206 07-JUN-02 187.532653 07-DEC-02 14-JUN-02 30-JUN-02                                                                                        
        100 17-JUN-03 175.210073 17-DEC-03 20-JUN-03 30-JUN-03                                                                                        
        101 21-SEP-05 148.081041 21-MAR-06 23-SEP-05 30-SEP-05                                                                                        

EMPLOYEE_ID HIRE_DATE     TENURE REVIEW    NEXT_DAY( LAST_DAY(                                                                                        
----------- --------- ---------- --------- --------- ---------                                                                                        
        102 13-JAN-01 204.339105 13-JUL-01 19-JAN-01 31-JAN-01                                                                                        
        103 03-JAN-06 144.661686 03-JUL-06 06-JAN-06 31-JAN-06                                                                                        
        104 21-MAY-07 128.081041 21-NOV-07 25-MAY-07 31-MAY-07                                                                                        
        105 25-JUN-05 150.952008 25-DEC-05 01-JUL-05 30-JUN-05                                                                                        
        106 05-FEB-06  143.59717 05-AUG-06 10-FEB-06 28-FEB-06                                                                                        
        107 07-FEB-07 131.532653 07-AUG-07 09-FEB-07 28-FEB-07                                                                                        
        108 17-AUG-02 185.210073 17-FEB-03 23-AUG-02 31-AUG-02                                                                                        
        109 16-AUG-02 185.242331 16-FEB-03 23-AUG-02 31-AUG-02                                                                                        
        110 28-SEP-05 147.855234 28-MAR-06 30-SEP-05 30-SEP-05                                                                                        
        111 30-SEP-05 147.790718 31-MAR-06 07-OCT-05 30-SEP-05                                                                                        
        112 07-MAR-06 142.532653 07-SEP-06 10-MAR-06 31-MAR-06                                                                                        

EMPLOYEE_ID HIRE_DATE     TENURE REVIEW    NEXT_DAY( LAST_DAY(                                                                                        
----------- --------- ---------- --------- --------- ---------                                                                                        
        113 07-DEC-07 121.532653 07-JUN-08 14-DEC-07 31-DEC-07                                                                                        
        114 07-DEC-02 181.532653 07-JUN-03 13-DEC-02 31-DEC-02                                                                                        
        115 18-MAY-03 176.177815 18-NOV-03 23-MAY-03 31-MAY-03                                                                                        
        116 24-DEC-05 144.984266 24-JUN-06 30-DEC-05 31-DEC-05                                                                                        
        117 24-JUL-05 149.984266 24-JAN-06 29-JUL-05 31-JUL-05                                                                                        
        118 15-NOV-06 134.274589 15-MAY-07 17-NOV-06 30-NOV-06                                                                                        
        119 10-AUG-07 125.435879 10-FEB-08 17-AUG-07 31-AUG-07                                                                                        
        120 18-JUL-04 162.177815 18-JAN-05 23-JUL-04 31-JUL-04                                                                                        
        121 10-APR-05 153.435879 10-OCT-05 15-APR-05 30-APR-05                                                                                        
        122 01-MAY-03 176.726202 01-NOV-03 02-MAY-03 31-MAY-03                                                                                        
        123 10-OCT-05 147.435879 10-APR-06 14-OCT-05 31-OCT-05                                                                                        

EMPLOYEE_ID HIRE_DATE     TENURE REVIEW    NEXT_DAY( LAST_DAY(                                                                                        
----------- --------- ---------- --------- --------- ---------                                                                                        
        124 16-NOV-07 122.242331 16-MAY-08 23-NOV-07 30-NOV-07                                                                                        
        125 16-JUL-05 150.242331 16-JAN-06 22-JUL-05 31-JUL-05                                                                                        
        126 28-SEP-06 135.855234 28-MAR-07 29-SEP-06 30-SEP-06                                                                                        
        127 14-JAN-07 132.306847 14-JUL-07 19-JAN-07 31-JAN-07                                                                                        
        128 08-MAR-08 118.500395 08-SEP-08 14-MAR-08 31-MAR-08                                                                                        
        129 20-AUG-05 149.113299 20-FEB-06 26-AUG-05 31-AUG-05                                                                                        
        130 30-OCT-05 146.790718 30-APR-06 04-NOV-05 31-OCT-05                                                                                        
        131 16-FEB-05 155.242331 16-AUG-05 18-FEB-05 28-FEB-05                                                                                        
        132 10-APR-07 129.435879 10-OCT-07 13-APR-07 30-APR-07                                                                                        
        133 14-JUN-04 163.306847 14-DEC-04 18-JUN-04 30-JUN-04                                                                                        
        134 26-AUG-06  136.91975 26-FEB-07 01-SEP-06 31-AUG-06                                                                                        

EMPLOYEE_ID HIRE_DATE     TENURE REVIEW    NEXT_DAY( LAST_DAY(                                                                                        
----------- --------- ---------- --------- --------- ---------                                                                                        
        135 12-DEC-07 121.371363 12-JUN-08 14-DEC-07 31-DEC-07                                                                                        
        136 06-FEB-08 119.564912 06-AUG-08 08-FEB-08 29-FEB-08                                                                                        
        137 14-JUL-03 174.306847 14-JAN-04 18-JUL-03 31-JUL-03                                                                                        
        138 26-OCT-05  146.91975 26-APR-06 28-OCT-05 31-OCT-05                                                                                        
        139 12-FEB-06 143.371363 12-AUG-06 17-FEB-06 28-FEB-06                                                                                        
        140 06-APR-06 141.564912 06-OCT-06 07-APR-06 30-APR-06                                                                                        
        141 17-OCT-03 171.210073 17-APR-04 24-OCT-03 31-OCT-03                                                                                        
        142 29-JAN-05 155.822976 29-JUL-05 04-FEB-05 31-JAN-05                                                                                        
        143 15-MAR-06 142.274589 15-SEP-06 17-MAR-06 31-MAR-06                                                                                        
        144 09-JUL-06 138.468137 09-JAN-07 14-JUL-06 31-JUL-06                                                                                        
        145 01-OCT-04 159.726202 01-APR-05 08-OCT-04 31-OCT-04                                                                                        

EMPLOYEE_ID HIRE_DATE     TENURE REVIEW    NEXT_DAY( LAST_DAY(                                                                                        
----------- --------- ---------- --------- --------- ---------                                                                                        
        146 05-JAN-05  156.59717 05-JUL-05 07-JAN-05 31-JAN-05                                                                                        
        147 10-MAR-05 154.435879 10-SEP-05 11-MAR-05 31-MAR-05                                                                                        
        148 15-OCT-07 123.274589 15-APR-08 19-OCT-07 31-OCT-07                                                                                        
        149 29-JAN-08 119.822976 29-JUL-08 01-FEB-08 31-JAN-08                                                                                        
        150 30-JAN-05 155.790718 30-JUL-05 04-FEB-05 31-JAN-05                                                                                        
        151 24-MAR-05 153.984266 24-SEP-05 25-MAR-05 31-MAR-05                                                                                        
        152 20-AUG-05 149.113299 20-FEB-06 26-AUG-05 31-AUG-05                                                                                        
        153 30-MAR-06 141.790718 30-SEP-06 31-MAR-06 31-MAR-06                                                                                        
        154 09-DEC-06 133.468137 09-JUN-07 15-DEC-06 31-DEC-06                                                                                        
        155 23-NOV-07        122 23-MAY-08 30-NOV-07 30-NOV-07                                                                                        
        156 30-JAN-04 167.790718 30-JUL-04 06-FEB-04 31-JAN-04                                                                                        

EMPLOYEE_ID HIRE_DATE     TENURE REVIEW    NEXT_DAY( LAST_DAY(                                                                                        
----------- --------- ---------- --------- --------- ---------                                                                                        
        157 04-MAR-04 166.629428 04-SEP-04 05-MAR-04 31-MAR-04                                                                                        
        158 01-AUG-04 161.726202 01-FEB-05 06-AUG-04 31-AUG-04                                                                                        
        159 10-MAR-05 154.435879 10-SEP-05 11-MAR-05 31-MAR-05                                                                                        
        160 15-DEC-05 145.274589 15-JUN-06 16-DEC-05 31-DEC-05                                                                                        
        161 03-NOV-06 134.661686 03-MAY-07 10-NOV-06 30-NOV-06                                                                                        
        162 11-NOV-05 146.403621 11-MAY-06 18-NOV-05 30-NOV-05                                                                                        
        163 19-MAR-07 130.145557 19-SEP-07 23-MAR-07 31-MAR-07                                                                                        
        164 24-JAN-08 119.984266 24-JUL-08 25-JAN-08 31-JAN-08                                                                                        
        165 23-FEB-08        119 23-AUG-08 29-FEB-08 29-FEB-08                                                                                        
        166 24-MAR-08 117.984266 24-SEP-08 28-MAR-08 31-MAR-08                                                                                        
        167 21-APR-08 117.081041 21-OCT-08 25-APR-08 30-APR-08                                                                                        

EMPLOYEE_ID HIRE_DATE     TENURE REVIEW    NEXT_DAY( LAST_DAY(                                                                                        
----------- --------- ---------- --------- --------- ---------                                                                                        
        168 11-MAR-05 154.403621 11-SEP-05 18-MAR-05 31-MAR-05                                                                                        
        169 23-MAR-06        142 23-SEP-06 24-MAR-06 31-MAR-06                                                                                        
        170 24-JAN-06 143.984266 24-JUL-06 27-JAN-06 31-JAN-06                                                                                        
        171 23-FEB-07        131 23-AUG-07 02-MAR-07 28-FEB-07                                                                                        
        172 24-MAR-07 129.984266 24-SEP-07 30-MAR-07 31-MAR-07                                                                                        
        173 21-APR-08 117.081041 21-OCT-08 25-APR-08 30-APR-08                                                                                        
        174 11-MAY-04 164.403621 11-NOV-04 14-MAY-04 31-MAY-04                                                                                        
        175 19-MAR-05 154.145557 19-SEP-05 25-MAR-05 31-MAR-05                                                                                        
        176 24-MAR-06 141.984266 24-SEP-06 31-MAR-06 31-MAR-06                                                                                        
        177 23-APR-06        141 23-OCT-06 28-APR-06 30-APR-06                                                                                        
        178 24-MAY-07 127.984266 24-NOV-07 25-MAY-07 31-MAY-07                                                                                        

EMPLOYEE_ID HIRE_DATE     TENURE REVIEW    NEXT_DAY( LAST_DAY(                                                                                        
----------- --------- ---------- --------- --------- ---------                                                                                        
        179 04-JAN-08 120.629428 04-JUL-08 11-JAN-08 31-JAN-08                                                                                        
        180 24-JAN-06 143.984266 24-JUL-06 27-JAN-06 31-JAN-06                                                                                        
        181 23-FEB-06        143 23-AUG-06 24-FEB-06 28-FEB-06                                                                                        
        182 21-JUN-07 127.081041 21-DEC-07 22-JUN-07 30-JUN-07                                                                                        
        183 03-FEB-08 119.661686 03-AUG-08 08-FEB-08 29-FEB-08                                                                                        
        184 27-JAN-04 167.887492 27-JUL-04 30-JAN-04 31-JAN-04                                                                                        
        185 20-FEB-05 155.113299 20-AUG-05 25-FEB-05 28-FEB-05                                                                                        
        186 24-JUN-06 138.984266 24-DEC-06 30-JUN-06 30-JUN-06                                                                                        
        187 07-FEB-07 131.532653 07-AUG-07 09-FEB-07 28-FEB-07                                                                                        
        188 14-JUN-05 151.306847 14-DEC-05 17-JUN-05 30-JUN-05                                                                                        
        189 13-AUG-05 149.339105 13-FEB-06 19-AUG-05 31-AUG-05                                                                                        

EMPLOYEE_ID HIRE_DATE     TENURE REVIEW    NEXT_DAY( LAST_DAY(                                                                                        
----------- --------- ---------- --------- --------- ---------                                                                                        
        190 11-JUL-06 138.403621 11-JAN-07 14-JUL-06 31-JUL-06                                                                                        
        191 19-DEC-07 121.145557 19-JUN-08 21-DEC-07 31-DEC-07                                                                                        
        192 04-FEB-04 167.629428 04-AUG-04 06-FEB-04 29-FEB-04                                                                                        
        193 03-MAR-05 154.661686 03-SEP-05 04-MAR-05 31-MAR-05                                                                                        
        194 01-JUL-06 138.726202 01-JAN-07 07-JUL-06 31-JUL-06                                                                                        
        195 17-MAR-07 130.210073 17-SEP-07 23-MAR-07 31-MAR-07                                                                                        
        196 24-APR-06 140.984266 24-OCT-06 28-APR-06 30-APR-06                                                                                        
        197 23-MAY-06        140 23-NOV-06 26-MAY-06 31-MAY-06                                                                                        

107 rows selected.

HR@orcl> spool off
