HR@orcl> SELECT employee_id, last_name, salary
  2  FROM employees
  3  WHERE salary > (SELECT AVG(salary) FROM employees);

EMPLOYEE_ID LAST_NAME                     SALARY                                
----------- ------------------------- ----------                                
        201 Hartstein                      13000                                
        203 Mavris                          6500                                
        204 Baer                           10000                                
        205 Higgins                        12008                                
        206 Gietz                           8300                                
        100 King                           24000                                
        101 Kochhar                        17000                                
        102 De Haan                        17000                                
        103 Hunold                          9000                                
        108 Greenberg                      12008                                
        109 Faviet                          9000                                

EMPLOYEE_ID LAST_NAME                     SALARY                                
----------- ------------------------- ----------                                
        110 Chen                            8200                                
        111 Sciarra                         7700                                
        112 Urman                           7800                                
        113 Popp                            6900                                
        114 Raphaely                       11000                                
        120 Weiss                           8000                                
        121 Fripp                           8200                                
        122 Kaufling                        7900                                
        123 Vollman                         6500                                
        145 Russell                        14000                                
        146 Partners                       13500                                

EMPLOYEE_ID LAST_NAME                     SALARY                                
----------- ------------------------- ----------                                
        147 Errazuriz                      12000                                
        148 Cambrault                      11000                                
        149 Zlotkey                        10500                                
        150 Tucker                         10000                                
        151 Bernstein                       9500                                
        152 Hall                            9000                                
        153 Olsen                           8000                                
        154 Cambrault                       7500                                
        155 Tuvault                         7000                                
        156 King                           10000                                
        157 Sully                           9500                                

EMPLOYEE_ID LAST_NAME                     SALARY                                
----------- ------------------------- ----------                                
        158 McEwen                          9000                                
        159 Smith                           8000                                
        160 Doran                           7500                                
        161 Sewall                          7000                                
        162 Vishney                        10500                                
        163 Greene                          9500                                
        164 Marvins                         7200                                
        165 Lee                             6800                                
        168 Ozer                           11500                                
        169 Bloom                          10000                                
        170 Fox                             9600                                

EMPLOYEE_ID LAST_NAME                     SALARY                                
----------- ------------------------- ----------                                
        171 Smith                           7400                                
        172 Bates                           7300                                
        174 Abel                           11000                                
        175 Hutton                          8800                                
        176 Taylor                          8600                                
        177 Livingston                      8400                                
        178 Grant                           7000                                

51 rows selected.

HR@orcl> ed
Wrote file afiedt.buf

  1  SELECT employee_id, last_name, salary
  2  FROM employees
  3  WHERE salary = (SELECT MAX(salary)
  4                  FROM employees
  5*                 GROUP BY department_id)
HR@orcl> /
WHERE salary = (SELECT MAX(salary)
                *
ERROR at line 3:
ORA-01427: single-row subquery returns more than one row 


HR@orcl> ed
Wrote file afiedt.buf

  1  SELECT employee_id, last_name, salary
  2  FROM employees
  3  WHERE salary IN (SELECT MAX(salary)
  4                  FROM employees
  5*                 GROUP BY department_id)
HR@orcl> /

EMPLOYEE_ID LAST_NAME                     SALARY                                
----------- ------------------------- ----------                                
        200 Whalen                          4400                                
        201 Hartstein                      13000                                
        203 Mavris                          6500                                
        204 Baer                           10000                                
        205 Higgins                        12008                                
        100 King                           24000                                
        103 Hunold                          9000                                
        108 Greenberg                      12008                                
        109 Faviet                          9000                                
        110 Chen                            8200                                
        114 Raphaely                       11000                                

EMPLOYEE_ID LAST_NAME                     SALARY                                
----------- ------------------------- ----------                                
        121 Fripp                           8200                                
        123 Vollman                         6500                                
        145 Russell                        14000                                
        148 Cambrault                      11000                                
        150 Tucker                         10000                                
        152 Hall                            9000                                
        155 Tuvault                         7000                                
        156 King                           10000                                
        158 McEwen                          9000                                
        161 Sewall                          7000                                
        169 Bloom                          10000                                

EMPLOYEE_ID LAST_NAME                     SALARY                                
----------- ------------------------- ----------                                
        174 Abel                           11000                                
        178 Grant                           7000                                

24 rows selected.

HR@orcl> ed
Wrote file afiedt.buf

  1  SELECT employee_id, last_name, salary
  2  FROM employees
  3  WHERE salary > ALL (SELECT MAX(salary)
  4                  FROM employees
  5*                 GROUP BY department_id)
HR@orcl> /

no rows selected

HR@orcl> ed
Wrote file afiedt.buf

  1  SELECT employee_id, last_name, salary
  2  FROM employees
  3  WHERE salary > ANY (SELECT MAX(salary)
  4                  FROM employees
  5*                 GROUP BY department_id)
HR@orcl> /

EMPLOYEE_ID LAST_NAME                     SALARY                                
----------- ------------------------- ----------                                
        100 King                           24000                                
        101 Kochhar                        17000                                
        102 De Haan                        17000                                
        145 Russell                        14000                                
        146 Partners                       13500                                
        201 Hartstein                      13000                                
        205 Higgins                        12008                                
        108 Greenberg                      12008                                
        147 Errazuriz                      12000                                
        168 Ozer                           11500                                
        148 Cambrault                      11000                                

EMPLOYEE_ID LAST_NAME                     SALARY                                
----------- ------------------------- ----------                                
        174 Abel                           11000                                
        114 Raphaely                       11000                                
        162 Vishney                        10500                                
        149 Zlotkey                        10500                                
        169 Bloom                          10000                                
        156 King                           10000                                
        150 Tucker                         10000                                
        204 Baer                           10000                                
        170 Fox                             9600                                
        151 Bernstein                       9500                                
        157 Sully                           9500                                

EMPLOYEE_ID LAST_NAME                     SALARY                                
----------- ------------------------- ----------                                
        163 Greene                          9500                                
        103 Hunold                          9000                                
        109 Faviet                          9000                                
        152 Hall                            9000                                
        158 McEwen                          9000                                
        175 Hutton                          8800                                
        176 Taylor                          8600                                
        177 Livingston                      8400                                
        206 Gietz                           8300                                
        110 Chen                            8200                                
        121 Fripp                           8200                                

EMPLOYEE_ID LAST_NAME                     SALARY                                
----------- ------------------------- ----------                                
        120 Weiss                           8000                                
        153 Olsen                           8000                                
        159 Smith                           8000                                
        122 Kaufling                        7900                                
        112 Urman                           7800                                
        111 Sciarra                         7700                                
        160 Doran                           7500                                
        154 Cambrault                       7500                                
        171 Smith                           7400                                
        172 Bates                           7300                                
        164 Marvins                         7200                                

EMPLOYEE_ID LAST_NAME                     SALARY                                
----------- ------------------------- ----------                                
        155 Tuvault                         7000                                
        161 Sewall                          7000                                
        178 Grant                           7000                                
        113 Popp                            6900                                
        165 Lee                             6800                                
        123 Vollman                         6500                                
        203 Mavris                          6500                                
        166 Ande                            6400                                
        167 Banda                           6200                                
        179 Johnson                         6200                                
        173 Kumar                           6100                                

EMPLOYEE_ID LAST_NAME                     SALARY                                
----------- ------------------------- ----------                                
        202 Fay                             6000                                
        104 Ernst                           6000                                
        124 Mourgos                         5800                                
        106 Pataballa                       4800                                
        105 Austin                          4800                                

60 rows selected.

HR@orcl> ed
Wrote file afiedt.buf

  1  SELECT employee_id, last_name, salary
  2  FROM employees
  3  WHERE salary < ANY (SELECT MAX(salary)
  4                  FROM employees
  5*                 GROUP BY department_id)
HR@orcl> /

EMPLOYEE_ID LAST_NAME                     SALARY                                
----------- ------------------------- ----------                                
        132 Olson                           2100                                
        136 Philtanker                      2200                                
        128 Markle                          2200                                
        127 Landry                          2400                                
        135 Gee                             2400                                
        191 Perkins                         2500                                
        119 Colmenares                      2500                                
        140 Patel                           2500                                
        144 Vargas                          2500                                
        182 Sullivan                        2500                                
        131 Marlow                          2500                                

EMPLOYEE_ID LAST_NAME                     SALARY                                
----------- ------------------------- ----------                                
        198 OConnell                        2600                                
        199 Grant                           2600                                
        118 Himuro                          2600                                
        143 Matos                           2600                                
        126 Mikkilineni                     2700                                
        139 Seo                             2700                                
        117 Tobias                          2800                                
        183 Geoni                           2800                                
        130 Atkinson                        2800                                
        195 Jones                           2800                                
        116 Baida                           2900                                

EMPLOYEE_ID LAST_NAME                     SALARY                                
----------- ------------------------- ----------                                
        134 Rogers                          2900                                
        190 Gates                           2900                                
        197 Feeney                          3000                                
        187 Cabrio                          3000                                
        181 Fleaur                          3100                                
        196 Walsh                           3100                                
        115 Khoo                            3100                                
        142 Davies                          3100                                
        194 McCain                          3200                                
        125 Nayer                           3200                                
        138 Stiles                          3200                                

EMPLOYEE_ID LAST_NAME                     SALARY                                
----------- ------------------------- ----------                                
        180 Taylor                          3200                                
        133 Mallin                          3300                                
        129 Bissot                          3300                                
        186 Dellinger                       3400                                
        141 Rajs                            3500                                
        189 Dilly                           3600                                
        137 Ladwig                          3600                                
        188 Chung                           3800                                
        193 Everett                         3900                                
        192 Bell                            4000                                
        185 Bull                            4100                                

EMPLOYEE_ID LAST_NAME                     SALARY                                
----------- ------------------------- ----------                                
        107 Lorentz                         4200                                
        184 Sarchand                        4200                                
        200 Whalen                          4400                                
        105 Austin                          4800                                
        106 Pataballa                       4800                                
        124 Mourgos                         5800                                
        202 Fay                             6000                                
        104 Ernst                           6000                                
        173 Kumar                           6100                                
        167 Banda                           6200                                
        179 Johnson                         6200                                

EMPLOYEE_ID LAST_NAME                     SALARY                                
----------- ------------------------- ----------                                
        166 Ande                            6400                                
        123 Vollman                         6500                                
        203 Mavris                          6500                                
        165 Lee                             6800                                
        113 Popp                            6900                                
        155 Tuvault                         7000                                
        178 Grant                           7000                                
        161 Sewall                          7000                                
        164 Marvins                         7200                                
        172 Bates                           7300                                
        171 Smith                           7400                                

EMPLOYEE_ID LAST_NAME                     SALARY                                
----------- ------------------------- ----------                                
        154 Cambrault                       7500                                
        160 Doran                           7500                                
        111 Sciarra                         7700                                
        112 Urman                           7800                                
        122 Kaufling                        7900                                
        159 Smith                           8000                                
        153 Olsen                           8000                                
        120 Weiss                           8000                                
        121 Fripp                           8200                                
        110 Chen                            8200                                
        206 Gietz                           8300                                

EMPLOYEE_ID LAST_NAME                     SALARY                                
----------- ------------------------- ----------                                
        177 Livingston                      8400                                
        176 Taylor                          8600                                
        175 Hutton                          8800                                
        109 Faviet                          9000                                
        103 Hunold                          9000                                
        152 Hall                            9000                                
        158 McEwen                          9000                                
        157 Sully                           9500                                
        151 Bernstein                       9500                                
        163 Greene                          9500                                
        170 Fox                             9600                                

EMPLOYEE_ID LAST_NAME                     SALARY                                
----------- ------------------------- ----------                                
        204 Baer                           10000                                
        169 Bloom                          10000                                
        156 King                           10000                                
        150 Tucker                         10000                                
        162 Vishney                        10500                                
        149 Zlotkey                        10500                                
        148 Cambrault                      11000                                
        174 Abel                           11000                                
        114 Raphaely                       11000                                
        168 Ozer                           11500                                
        147 Errazuriz                      12000                                

EMPLOYEE_ID LAST_NAME                     SALARY                                
----------- ------------------------- ----------                                
        108 Greenberg                      12008                                
        205 Higgins                        12008                                
        201 Hartstein                      13000                                
        146 Partners                       13500                                
        145 Russell                        14000                                
        102 De Haan                        17000                                
        101 Kochhar                        17000                                

106 rows selected.

HR@orcl> ed
Wrote file afiedt.buf

  1  SELECT employee_id, last_name, salary
  2  FROM employees
  3  WHERE salary < ALL (SELECT MAX(salary)
  4                  FROM employees
  5*                 GROUP BY department_id)
HR@orcl> /

EMPLOYEE_ID LAST_NAME                     SALARY                                
----------- ------------------------- ----------                                
        107 Lorentz                         4200                                
        184 Sarchand                        4200                                
        185 Bull                            4100                                
        192 Bell                            4000                                
        193 Everett                         3900                                
        188 Chung                           3800                                
        137 Ladwig                          3600                                
        189 Dilly                           3600                                
        141 Rajs                            3500                                
        186 Dellinger                       3400                                
        133 Mallin                          3300                                

EMPLOYEE_ID LAST_NAME                     SALARY                                
----------- ------------------------- ----------                                
        129 Bissot                          3300                                
        194 McCain                          3200                                
        125 Nayer                           3200                                
        138 Stiles                          3200                                
        180 Taylor                          3200                                
        181 Fleaur                          3100                                
        196 Walsh                           3100                                
        142 Davies                          3100                                
        115 Khoo                            3100                                
        197 Feeney                          3000                                
        187 Cabrio                          3000                                

EMPLOYEE_ID LAST_NAME                     SALARY                                
----------- ------------------------- ----------                                
        190 Gates                           2900                                
        116 Baida                           2900                                
        134 Rogers                          2900                                
        195 Jones                           2800                                
        117 Tobias                          2800                                
        183 Geoni                           2800                                
        130 Atkinson                        2800                                
        139 Seo                             2700                                
        126 Mikkilineni                     2700                                
        198 OConnell                        2600                                
        199 Grant                           2600                                

EMPLOYEE_ID LAST_NAME                     SALARY                                
----------- ------------------------- ----------                                
        118 Himuro                          2600                                
        143 Matos                           2600                                
        140 Patel                           2500                                
        119 Colmenares                      2500                                
        182 Sullivan                        2500                                
        131 Marlow                          2500                                
        144 Vargas                          2500                                
        191 Perkins                         2500                                
        127 Landry                          2400                                
        135 Gee                             2400                                
        128 Markle                          2200                                

EMPLOYEE_ID LAST_NAME                     SALARY                                
----------- ------------------------- ----------                                
        136 Philtanker                      2200                                
        132 Olson                           2100                                

46 rows selected.

HR@orcl> Ed
Wrote file afiedt.buf

  1  SELECT employee_id, last_name, job_id
  2  FROM employees
  3  WHERE manager_id = (SELECT manager_id
  4                  FROM employees
  5*                 WHERE last_name = 'Hass')
HR@orcl> /

no rows selected

HR@orcl> SELECT employee_id, last_name, job_id
  2  FROM employees
  3  WHERE employee_id IN (SELECT manager_id FROM employees);

EMPLOYEE_ID LAST_NAME                 JOB_ID                                    
----------- ------------------------- ----------                                
        201 Hartstein                 MK_MAN                                    
        205 Higgins                   AC_MGR                                    
        100 King                      AD_PRES                                   
        101 Kochhar                   AD_VP                                     
        102 De Haan                   AD_VP                                     
        103 Hunold                    IT_PROG                                   
        108 Greenberg                 FI_MGR                                    
        114 Raphaely                  PU_MAN                                    
        120 Weiss                     ST_MAN                                    
        121 Fripp                     ST_MAN                                    
        122 Kaufling                  ST_MAN                                    

EMPLOYEE_ID LAST_NAME                 JOB_ID                                    
----------- ------------------------- ----------                                
        123 Vollman                   ST_MAN                                    
        124 Mourgos                   ST_MAN                                    
        145 Russell                   SA_MAN                                    
        146 Partners                  SA_MAN                                    
        147 Errazuriz                 SA_MAN                                    
        148 Cambrault                 SA_MAN                                    
        149 Zlotkey                   SA_MAN                                    

18 rows selected.

HR@orcl> ed
Wrote file afiedt.buf

  1  SELECT employee_id, last_name, job_id
  2  FROM employees
  3* WHERE employee_id NOT IN (SELECT manager_id FROM employees)
HR@orcl> /

no rows selected

HR@orcl> SELECT employuee_id, last_name, job_id
  2  FROM employees
  3  WHERE manager_id IN (100, 101, NULL);
SELECT employuee_id, last_name, job_id
       *
ERROR at line 1:
ORA-00904: "EMPLOYUEE_ID": invalid identifier 


HR@orcl> ed
Wrote file afiedt.buf

  1  SELECT employee_id, last_name, job_id
  2  FROM employees
  3* WHERE manager_id IN (100, 101, NULL)
HR@orcl> /

EMPLOYEE_ID LAST_NAME                 JOB_ID                                    
----------- ------------------------- ----------                                
        201 Hartstein                 MK_MAN                                    
        101 Kochhar                   AD_VP                                     
        102 De Haan                   AD_VP                                     
        114 Raphaely                  PU_MAN                                    
        120 Weiss                     ST_MAN                                    
        121 Fripp                     ST_MAN                                    
        122 Kaufling                  ST_MAN                                    
        123 Vollman                   ST_MAN                                    
        124 Mourgos                   ST_MAN                                    
        145 Russell                   SA_MAN                                    
        146 Partners                  SA_MAN                                    

EMPLOYEE_ID LAST_NAME                 JOB_ID                                    
----------- ------------------------- ----------                                
        147 Errazuriz                 SA_MAN                                    
        148 Cambrault                 SA_MAN                                    
        149 Zlotkey                   SA_MAN                                    
        200 Whalen                    AD_ASST                                   
        203 Mavris                    HR_REP                                    
        204 Baer                      PR_REP                                    
        205 Higgins                   AC_MGR                                    
        108 Greenberg                 FI_MGR                                    

19 rows selected.

HR@orcl> ed
Wrote file afiedt.buf

  1  SELECT employee_id, last_name, job_id
  2  FROM employees
  3* WHERE manager_id NOT IN (100, 101, NULL)
HR@orcl> /

no rows selected

HR@orcl> ed
Wrote file afiedt.buf

  1  SELECT employee_id, last_name, job_id
  2  FROM employees
  3* WHERE manager_id NOT IN (100, 101)
HR@orcl> /

EMPLOYEE_ID LAST_NAME                 JOB_ID                                    
----------- ------------------------- ----------                                
        198 OConnell                  SH_CLERK                                  
        199 Grant                     SH_CLERK                                  
        202 Fay                       MK_REP                                    
        206 Gietz                     AC_ACCOUNT                                
        103 Hunold                    IT_PROG                                   
        104 Ernst                     IT_PROG                                   
        105 Austin                    IT_PROG                                   
        106 Pataballa                 IT_PROG                                   
        107 Lorentz                   IT_PROG                                   
        109 Faviet                    FI_ACCOUNT                                
        110 Chen                      FI_ACCOUNT                                

EMPLOYEE_ID LAST_NAME                 JOB_ID                                    
----------- ------------------------- ----------                                
        111 Sciarra                   FI_ACCOUNT                                
        112 Urman                     FI_ACCOUNT                                
        113 Popp                      FI_ACCOUNT                                
        115 Khoo                      PU_CLERK                                  
        116 Baida                     PU_CLERK                                  
        117 Tobias                    PU_CLERK                                  
        118 Himuro                    PU_CLERK                                  
        119 Colmenares                PU_CLERK                                  
        125 Nayer                     ST_CLERK                                  
        126 Mikkilineni               ST_CLERK                                  
        127 Landry                    ST_CLERK                                  

EMPLOYEE_ID LAST_NAME                 JOB_ID                                    
----------- ------------------------- ----------                                
        128 Markle                    ST_CLERK                                  
        129 Bissot                    ST_CLERK                                  
        130 Atkinson                  ST_CLERK                                  
        131 Marlow                    ST_CLERK                                  
        132 Olson                     ST_CLERK                                  
        133 Mallin                    ST_CLERK                                  
        134 Rogers                    ST_CLERK                                  
        135 Gee                       ST_CLERK                                  
        136 Philtanker                ST_CLERK                                  
        137 Ladwig                    ST_CLERK                                  
        138 Stiles                    ST_CLERK                                  

EMPLOYEE_ID LAST_NAME                 JOB_ID                                    
----------- ------------------------- ----------                                
        139 Seo                       ST_CLERK                                  
        140 Patel                     ST_CLERK                                  
        141 Rajs                      ST_CLERK                                  
        142 Davies                    ST_CLERK                                  
        143 Matos                     ST_CLERK                                  
        144 Vargas                    ST_CLERK                                  
        150 Tucker                    SA_REP                                    
        151 Bernstein                 SA_REP                                    
        152 Hall                      SA_REP                                    
        153 Olsen                     SA_REP                                    
        154 Cambrault                 SA_REP                                    

EMPLOYEE_ID LAST_NAME                 JOB_ID                                    
----------- ------------------------- ----------                                
        155 Tuvault                   SA_REP                                    
        156 King                      SA_REP                                    
        157 Sully                     SA_REP                                    
        158 McEwen                    SA_REP                                    
        159 Smith                     SA_REP                                    
        160 Doran                     SA_REP                                    
        161 Sewall                    SA_REP                                    
        162 Vishney                   SA_REP                                    
        163 Greene                    SA_REP                                    
        164 Marvins                   SA_REP                                    
        165 Lee                       SA_REP                                    

EMPLOYEE_ID LAST_NAME                 JOB_ID                                    
----------- ------------------------- ----------                                
        166 Ande                      SA_REP                                    
        167 Banda                     SA_REP                                    
        168 Ozer                      SA_REP                                    
        169 Bloom                     SA_REP                                    
        170 Fox                       SA_REP                                    
        171 Smith                     SA_REP                                    
        172 Bates                     SA_REP                                    
        173 Kumar                     SA_REP                                    
        174 Abel                      SA_REP                                    
        175 Hutton                    SA_REP                                    
        176 Taylor                    SA_REP                                    

EMPLOYEE_ID LAST_NAME                 JOB_ID                                    
----------- ------------------------- ----------                                
        177 Livingston                SA_REP                                    
        178 Grant                     SA_REP                                    
        179 Johnson                   SA_REP                                    
        180 Taylor                    SH_CLERK                                  
        181 Fleaur                    SH_CLERK                                  
        182 Sullivan                  SH_CLERK                                  
        183 Geoni                     SH_CLERK                                  
        184 Sarchand                  SH_CLERK                                  
        185 Bull                      SH_CLERK                                  
        186 Dellinger                 SH_CLERK                                  
        187 Cabrio                    SH_CLERK                                  

EMPLOYEE_ID LAST_NAME                 JOB_ID                                    
----------- ------------------------- ----------                                
        188 Chung                     SH_CLERK                                  
        189 Dilly                     SH_CLERK                                  
        190 Gates                     SH_CLERK                                  
        191 Perkins                   SH_CLERK                                  
        192 Bell                      SH_CLERK                                  
        193 Everett                   SH_CLERK                                  
        194 McCain                    SH_CLERK                                  
        195 Jones                     SH_CLERK                                  
        196 Walsh                     SH_CLERK                                  
        197 Feeney                    SH_CLERK                                  

87 rows selected.

HR@orcl> ed
Wrote file afiedt.buf

  1  SELECT employee_id, last_name, job_id
  2  FROM employees
  3  WHERE manager_id NOT IN (SELECT manager_id FROM employees
  4*                          WHERE manager_id is NOT NULL)
HR@orcl> /

no rows selected

HR@orcl> ed
Wrote file afiedt.buf

  1  SELECT employee_id, last_name, job_id
  2  FROM employees
  3  WHERE manager_id NOT IN (SELECT manager_id FROM employees
  4*                          WHERE manager_id is not null);
HR@orcl> /
                         WHERE manager_id is not null);
                                                      *
ERROR at line 4:
ORA-00911: invalid character 


HR@orcl> ed
Wrote file afiedt.buf

  1  SELECT employee_id, last_name, job_id
  2  FROM employees
  3  WHERE manager_id NOT IN (SELECT manager_id FROM employees
  4*                          where manager_id is not null);
HR@orcl> /
                         where manager_id is not null);
                                                      *
ERROR at line 4:
ORA-00911: invalid character 


HR@orcl> ed
Wrote file afiedt.buf

  1  SELECT employee_id, last_name, job_id
  2  FROM employees
  3  WHERE manager_id NOT IN (SELECT manager_id FROM employees
  4*                          WHERE manager_id is NOT NULL);
HR@orcl> /
                         WHERE manager_id is NOT NULL);
                                                      *
ERROR at line 4:
ORA-00911: invalid character 


HR@orcl> desc manager_id
ERROR:
ORA-04043: object manager_id does not exist 


HR@orcl> desc job_history
 Name                                      Null?    Type
 ----------------------------------------- -------- ----------------------------
 EMPLOYEE_ID                               NOT NULL NUMBER(6)
 START_DATE                                NOT NULL DATE
 END_DATE                                  NOT NULL DATE
 JOB_ID                                    NOT NULL VARCHAR2(10)
 DEPARTMENT_ID                                      NUMBER(4)

HR@orcl> desc employees_manager
ERROR:
ORA-04043: object employees_manager does not exist 


HR@orcl> desc manager
ERROR:
ORA-04043: object manager does not exist 


HR@orcl> desc managers
ERROR:
ORA-04043: object managers does not exist 


HR@orcl> desc job_history
 Name                                      Null?    Type
 ----------------------------------------- -------- ----------------------------
 EMPLOYEE_ID                               NOT NULL NUMBER(6)
 START_DATE                                NOT NULL DATE
 END_DATE                                  NOT NULL DATE
 JOB_ID                                    NOT NULL VARCHAR2(10)
 DEPARTMENT_ID                                      NUMBER(4)

HR@orcl> SELECT * FROM job_history;

EMPLOYEE_ID START_DAT END_DATE  JOB_ID     DEPARTMENT_ID                        
----------- --------- --------- ---------- -------------                        
        102 13-JAN-01 24-JUL-06 IT_PROG               60                        
        101 21-SEP-97 27-OCT-01 AC_ACCOUNT           110                        
        101 28-OCT-01 15-MAR-05 AC_MGR               110                        
        201 17-FEB-04 19-DEC-07 MK_REP                20                        
        114 24-MAR-06 31-DEC-07 ST_CLERK              50                        
        122 01-JAN-07 31-DEC-07 ST_CLERK              50                        
        200 17-SEP-95 17-JUN-01 AD_ASST               90                        
        176 24-MAR-06 31-DEC-06 SA_REP                80                        
        176 01-JAN-07 31-DEC-07 SA_MAN                80                        
        200 01-JUL-02 31-DEC-06 AC_ACCOUNT            90                        

10 rows selected.

HR@orcl> SELECT employee_id FROM employees
  2  UNION
  3  SELECT employee_id FROM job_history;

EMPLOYEE_ID                                                                     
-----------                                                                     
        100                                                                     
        101                                                                     
        102                                                                     
        103                                                                     
        104                                                                     
        105                                                                     
        106                                                                     
        107                                                                     
        108                                                                     
        109                                                                     
        110                                                                     

EMPLOYEE_ID                                                                     
-----------                                                                     
        111                                                                     
        112                                                                     
        113                                                                     
        114                                                                     
        115                                                                     
        116                                                                     
        117                                                                     
        118                                                                     
        119                                                                     
        120                                                                     
        121                                                                     

EMPLOYEE_ID                                                                     
-----------                                                                     
        122                                                                     
        123                                                                     
        124                                                                     
        125                                                                     
        126                                                                     
        127                                                                     
        128                                                                     
        129                                                                     
        130                                                                     
        131                                                                     
        132                                                                     

EMPLOYEE_ID                                                                     
-----------                                                                     
        133                                                                     
        134                                                                     
        135                                                                     
        136                                                                     
        137                                                                     
        138                                                                     
        139                                                                     
        140                                                                     
        141                                                                     
        142                                                                     
        143                                                                     

EMPLOYEE_ID                                                                     
-----------                                                                     
        144                                                                     
        145                                                                     
        146                                                                     
        147                                                                     
        148                                                                     
        149                                                                     
        150                                                                     
        151                                                                     
        152                                                                     
        153                                                                     
        154                                                                     

EMPLOYEE_ID                                                                     
-----------                                                                     
        155                                                                     
        156                                                                     
        157                                                                     
        158                                                                     
        159                                                                     
        160                                                                     
        161                                                                     
        162                                                                     
        163                                                                     
        164                                                                     
        165                                                                     

EMPLOYEE_ID                                                                     
-----------                                                                     
        166                                                                     
        167                                                                     
        168                                                                     
        169                                                                     
        170                                                                     
        171                                                                     
        172                                                                     
        173                                                                     
        174                                                                     
        175                                                                     
        176                                                                     

EMPLOYEE_ID                                                                     
-----------                                                                     
        177                                                                     
        178                                                                     
        179                                                                     
        180                                                                     
        181                                                                     
        182                                                                     
        183                                                                     
        184                                                                     
        185                                                                     
        186                                                                     
        187                                                                     

EMPLOYEE_ID                                                                     
-----------                                                                     
        188                                                                     
        189                                                                     
        190                                                                     
        191                                                                     
        192                                                                     
        193                                                                     
        194                                                                     
        195                                                                     
        196                                                                     
        197                                                                     
        198                                                                     

EMPLOYEE_ID                                                                     
-----------                                                                     
        199                                                                     
        200                                                                     
        201                                                                     
        202                                                                     
        203                                                                     
        204                                                                     
        205                                                                     
        206                                                                     

107 rows selected.

HR@orcl> ed
Wrote file afiedt.buf

  1  SELECT employee_id department_id FROM employees
  2  UNION
  3* SELECT employee_id department_id FROM job_history
HR@orcl> /

DEPARTMENT_ID                                                                   
-------------                                                                   
          100                                                                   
          101                                                                   
          102                                                                   
          103                                                                   
          104                                                                   
          105                                                                   
          106                                                                   
          107                                                                   
          108                                                                   
          109                                                                   
          110                                                                   

DEPARTMENT_ID                                                                   
-------------                                                                   
          111                                                                   
          112                                                                   
          113                                                                   
          114                                                                   
          115                                                                   
          116                                                                   
          117                                                                   
          118                                                                   
          119                                                                   
          120                                                                   
          121                                                                   

DEPARTMENT_ID                                                                   
-------------                                                                   
          122                                                                   
          123                                                                   
          124                                                                   
          125                                                                   
          126                                                                   
          127                                                                   
          128                                                                   
          129                                                                   
          130                                                                   
          131                                                                   
          132                                                                   

DEPARTMENT_ID                                                                   
-------------                                                                   
          133                                                                   
          134                                                                   
          135                                                                   
          136                                                                   
          137                                                                   
          138                                                                   
          139                                                                   
          140                                                                   
          141                                                                   
          142                                                                   
          143                                                                   

DEPARTMENT_ID                                                                   
-------------                                                                   
          144                                                                   
          145                                                                   
          146                                                                   
          147                                                                   
          148                                                                   
          149                                                                   
          150                                                                   
          151                                                                   
          152                                                                   
          153                                                                   
          154                                                                   

DEPARTMENT_ID                                                                   
-------------                                                                   
          155                                                                   
          156                                                                   
          157                                                                   
          158                                                                   
          159                                                                   
          160                                                                   
          161                                                                   
          162                                                                   
          163                                                                   
          164                                                                   
          165                                                                   

DEPARTMENT_ID                                                                   
-------------                                                                   
          166                                                                   
          167                                                                   
          168                                                                   
          169                                                                   
          170                                                                   
          171                                                                   
          172                                                                   
          173                                                                   
          174                                                                   
          175                                                                   
          176                                                                   

DEPARTMENT_ID                                                                   
-------------                                                                   
          177                                                                   
          178                                                                   
          179                                                                   
          180                                                                   
          181                                                                   
          182                                                                   
          183                                                                   
          184                                                                   
          185                                                                   
          186                                                                   
          187                                                                   

DEPARTMENT_ID                                                                   
-------------                                                                   
          188                                                                   
          189                                                                   
          190                                                                   
          191                                                                   
          192                                                                   
          193                                                                   
          194                                                                   
          195                                                                   
          196                                                                   
          197                                                                   
          198                                                                   

DEPARTMENT_ID                                                                   
-------------                                                                   
          199                                                                   
          200                                                                   
          201                                                                   
          202                                                                   
          203                                                                   
          204                                                                   
          205                                                                   
          206                                                                   

107 rows selected.

HR@orcl> ed
Wrote file afiedt.buf

  1  SELECT employee_id, department_id FROM employees
  2  UNION
  3* SELECT employee_id, department_id FROM job_history
HR@orcl> /

EMPLOYEE_ID DEPARTMENT_ID                                                       
----------- -------------                                                       
        100            90                                                       
        101            90                                                       
        101           110                                                       
        102            60                                                       
        102            90                                                       
        103            60                                                       
        104            60                                                       
        105            60                                                       
        106            60                                                       
        107            60                                                       
        108           100                                                       

EMPLOYEE_ID DEPARTMENT_ID                                                       
----------- -------------                                                       
        109           100                                                       
        110           100                                                       
        111           100                                                       
        112           100                                                       
        113           100                                                       
        114            30                                                       
        114            50                                                       
        115            30                                                       
        116            30                                                       
        117            30                                                       
        118            30                                                       

EMPLOYEE_ID DEPARTMENT_ID                                                       
----------- -------------                                                       
        119            30                                                       
        120            50                                                       
        121            50                                                       
        122            50                                                       
        123            50                                                       
        124            50                                                       
        125            50                                                       
        126            50                                                       
        127            50                                                       
        128            50                                                       
        129            50                                                       

EMPLOYEE_ID DEPARTMENT_ID                                                       
----------- -------------                                                       
        130            50                                                       
        131            50                                                       
        132            50                                                       
        133            50                                                       
        134            50                                                       
        135            50                                                       
        136            50                                                       
        137            50                                                       
        138            50                                                       
        139            50                                                       
        140            50                                                       

EMPLOYEE_ID DEPARTMENT_ID                                                       
----------- -------------                                                       
        141            50                                                       
        142            50                                                       
        143            50                                                       
        144            50                                                       
        145            80                                                       
        146            80                                                       
        147            80                                                       
        148            80                                                       
        149            80                                                       
        150            80                                                       
        151            80                                                       

EMPLOYEE_ID DEPARTMENT_ID                                                       
----------- -------------                                                       
        152            80                                                       
        153            80                                                       
        154            80                                                       
        155            80                                                       
        156            80                                                       
        157            80                                                       
        158            80                                                       
        159            80                                                       
        160            80                                                       
        161            80                                                       
        162            80                                                       

EMPLOYEE_ID DEPARTMENT_ID                                                       
----------- -------------                                                       
        163            80                                                       
        164            80                                                       
        165            80                                                       
        166            80                                                       
        167            80                                                       
        168            80                                                       
        169            80                                                       
        170            80                                                       
        171            80                                                       
        172            80                                                       
        173            80                                                       

EMPLOYEE_ID DEPARTMENT_ID                                                       
----------- -------------                                                       
        174            80                                                       
        175            80                                                       
        176            80                                                       
        177            80                                                       
        178                                                                     
        179            80                                                       
        180            50                                                       
        181            50                                                       
        182            50                                                       
        183            50                                                       
        184            50                                                       

EMPLOYEE_ID DEPARTMENT_ID                                                       
----------- -------------                                                       
        185            50                                                       
        186            50                                                       
        187            50                                                       
        188            50                                                       
        189            50                                                       
        190            50                                                       
        191            50                                                       
        192            50                                                       
        193            50                                                       
        194            50                                                       
        195            50                                                       

EMPLOYEE_ID DEPARTMENT_ID                                                       
----------- -------------                                                       
        196            50                                                       
        197            50                                                       
        198            50                                                       
        199            50                                                       
        200            10                                                       
        200            90                                                       
        201            20                                                       
        202            20                                                       
        203            40                                                       
        204            70                                                       
        205           110                                                       

EMPLOYEE_ID DEPARTMENT_ID                                                       
----------- -------------                                                       
        206           110                                                       

111 rows selected.

HR@orcl> ed
Wrote file afiedt.buf

  1  SELECT employee_id, department_id FROM employees
  2  UNION ALL
  3* SELECT employee_id, department_id FROM job_history
HR@orcl> /

EMPLOYEE_ID DEPARTMENT_ID                                                       
----------- -------------                                                       
        198            50                                                       
        199            50                                                       
        200            10                                                       
        201            20                                                       
        202            20                                                       
        203            40                                                       
        204            70                                                       
        205           110                                                       
        206           110                                                       
        100            90                                                       
        101            90                                                       

EMPLOYEE_ID DEPARTMENT_ID                                                       
----------- -------------                                                       
        102            90                                                       
        103            60                                                       
        104            60                                                       
        105            60                                                       
        106            60                                                       
        107            60                                                       
        108           100                                                       
        109           100                                                       
        110           100                                                       
        111           100                                                       
        112           100                                                       

EMPLOYEE_ID DEPARTMENT_ID                                                       
----------- -------------                                                       
        113           100                                                       
        114            30                                                       
        115            30                                                       
        116            30                                                       
        117            30                                                       
        118            30                                                       
        119            30                                                       
        120            50                                                       
        121            50                                                       
        122            50                                                       
        123            50                                                       

EMPLOYEE_ID DEPARTMENT_ID                                                       
----------- -------------                                                       
        124            50                                                       
        125            50                                                       
        126            50                                                       
        127            50                                                       
        128            50                                                       
        129            50                                                       
        130            50                                                       
        131            50                                                       
        132            50                                                       
        133            50                                                       
        134            50                                                       

EMPLOYEE_ID DEPARTMENT_ID                                                       
----------- -------------                                                       
        135            50                                                       
        136            50                                                       
        137            50                                                       
        138            50                                                       
        139            50                                                       
        140            50                                                       
        141            50                                                       
        142            50                                                       
        143            50                                                       
        144            50                                                       
        145            80                                                       

EMPLOYEE_ID DEPARTMENT_ID                                                       
----------- -------------                                                       
        146            80                                                       
        147            80                                                       
        148            80                                                       
        149            80                                                       
        150            80                                                       
        151            80                                                       
        152            80                                                       
        153            80                                                       
        154            80                                                       
        155            80                                                       
        156            80                                                       

EMPLOYEE_ID DEPARTMENT_ID                                                       
----------- -------------                                                       
        157            80                                                       
        158            80                                                       
        159            80                                                       
        160            80                                                       
        161            80                                                       
        162            80                                                       
        163            80                                                       
        164            80                                                       
        165            80                                                       
        166            80                                                       
        167            80                                                       

EMPLOYEE_ID DEPARTMENT_ID                                                       
----------- -------------                                                       
        168            80                                                       
        169            80                                                       
        170            80                                                       
        171            80                                                       
        172            80                                                       
        173            80                                                       
        174            80                                                       
        175            80                                                       
        176            80                                                       
        177            80                                                       
        178                                                                     

EMPLOYEE_ID DEPARTMENT_ID                                                       
----------- -------------                                                       
        179            80                                                       
        180            50                                                       
        181            50                                                       
        182            50                                                       
        183            50                                                       
        184            50                                                       
        185            50                                                       
        186            50                                                       
        187            50                                                       
        188            50                                                       
        189            50                                                       

EMPLOYEE_ID DEPARTMENT_ID                                                       
----------- -------------                                                       
        190            50                                                       
        191            50                                                       
        192            50                                                       
        193            50                                                       
        194            50                                                       
        195            50                                                       
        196            50                                                       
        197            50                                                       
        102            60                                                       
        101           110                                                       
        101           110                                                       

EMPLOYEE_ID DEPARTMENT_ID                                                       
----------- -------------                                                       
        201            20                                                       
        114            50                                                       
        122            50                                                       
        200            90                                                       
        176            80                                                       
        176            80                                                       
        200            90                                                       

117 rows selected.

HR@orcl> ed
Wrote file afiedt.buf

  1  SELECT employee_id, department_id FROM employees
  2  UNION ALL
  3* SELECT employee_id, FROM job_history
HR@orcl> /
SELECT employee_id, FROM job_history
                    *
ERROR at line 3:
ORA-00936: missing expression 


HR@orcl> ed
Wrote file afiedt.buf

  1  SELECT employee_id, department_id FROM employees
  2  UNION ALL
  3* SELECT employee_id, start_date FROM job_history
HR@orcl> /
SELECT employee_id, department_id FROM employees
                    *
ERROR at line 1:
ORA-01790: expression must have same datatype as corresponding expression 


HR@orcl> ed
Wrote file afiedt.buf

  1  SELECT employee_id empno, department_id FROM employees
  2  UNION ALL
  3* SELECT employee_id, department_id deptno FROM job_history
HR@orcl> /

     EMPNO DEPARTMENT_ID                                                        
---------- -------------                                                        
       198            50                                                        
       199            50                                                        
       200            10                                                        
       201            20                                                        
       202            20                                                        
       203            40                                                        
       204            70                                                        
       205           110                                                        
       206           110                                                        
       100            90                                                        
       101            90                                                        

     EMPNO DEPARTMENT_ID                                                        
---------- -------------                                                        
       102            90                                                        
       103            60                                                        
       104            60                                                        
       105            60                                                        
       106            60                                                        
       107            60                                                        
       108           100                                                        
       109           100                                                        
       110           100                                                        
       111           100                                                        
       112           100                                                        

     EMPNO DEPARTMENT_ID                                                        
---------- -------------                                                        
       113           100                                                        
       114            30                                                        
       115            30                                                        
       116            30                                                        
       117            30                                                        
       118            30                                                        
       119            30                                                        
       120            50                                                        
       121            50                                                        
       122            50                                                        
       123            50                                                        

     EMPNO DEPARTMENT_ID                                                        
---------- -------------                                                        
       124            50                                                        
       125            50                                                        
       126            50                                                        
       127            50                                                        
       128            50                                                        
       129            50                                                        
       130            50                                                        
       131            50                                                        
       132            50                                                        
       133            50                                                        
       134            50                                                        

     EMPNO DEPARTMENT_ID                                                        
---------- -------------                                                        
       135            50                                                        
       136            50                                                        
       137            50                                                        
       138            50                                                        
       139            50                                                        
       140            50                                                        
       141            50                                                        
       142            50                                                        
       143            50                                                        
       144            50                                                        
       145            80                                                        

     EMPNO DEPARTMENT_ID                                                        
---------- -------------                                                        
       146            80                                                        
       147            80                                                        
       148            80                                                        
       149            80                                                        
       150            80                                                        
       151            80                                                        
       152            80                                                        
       153            80                                                        
       154            80                                                        
       155            80                                                        
       156            80                                                        

     EMPNO DEPARTMENT_ID                                                        
---------- -------------                                                        
       157            80                                                        
       158            80                                                        
       159            80                                                        
       160            80                                                        
       161            80                                                        
       162            80                                                        
       163            80                                                        
       164            80                                                        
       165            80                                                        
       166            80                                                        
       167            80                                                        

     EMPNO DEPARTMENT_ID                                                        
---------- -------------                                                        
       168            80                                                        
       169            80                                                        
       170            80                                                        
       171            80                                                        
       172            80                                                        
       173            80                                                        
       174            80                                                        
       175            80                                                        
       176            80                                                        
       177            80                                                        
       178                                                                      

     EMPNO DEPARTMENT_ID                                                        
---------- -------------                                                        
       179            80                                                        
       180            50                                                        
       181            50                                                        
       182            50                                                        
       183            50                                                        
       184            50                                                        
       185            50                                                        
       186            50                                                        
       187            50                                                        
       188            50                                                        
       189            50                                                        

     EMPNO DEPARTMENT_ID                                                        
---------- -------------                                                        
       190            50                                                        
       191            50                                                        
       192            50                                                        
       193            50                                                        
       194            50                                                        
       195            50                                                        
       196            50                                                        
       197            50                                                        
       102            60                                                        
       101           110                                                        
       101           110                                                        

     EMPNO DEPARTMENT_ID                                                        
---------- -------------                                                        
       201            20                                                        
       114            50                                                        
       122            50                                                        
       200            90                                                        
       176            80                                                        
       176            80                                                        
       200            90                                                        

117 rows selected.

HR@orcl> spool off
