HR1> update employees
  2  set department_id = 40;

23 rows updated.

HR1> SELECT employee_id, department_id
  2  FROM employees
  3  ;

EMPLOYEE_ID DEPARTMENT_ID                                                       
----------- -------------                                                       
        200            40                                                       
        201            40                                                       
        202            40                                                       
        205            40                                                       
        206            40                                                       
        114            40                                                       
        115            40                                                       
        100            40                                                       
        101            40                                                       
        102            40                                                       
        103            40                                                       

EMPLOYEE_ID DEPARTMENT_ID                                                       
----------- -------------                                                       
        104            40                                                       
        113            40                                                       
        107            40                                                       
        124            40                                                       
        141            40                                                       
        142            40                                                       
        143            40                                                       
        144            40                                                       
        149            40                                                       
        174            40                                                       
        176            40                                                       

EMPLOYEE_ID DEPARTMENT_ID                                                       
----------- -------------                                                       
        178            40                                                       

23 rows selected.

HR1> rollback;

Rollback complete.

HR1> SELECT employee_id, department_id
  2  FROM employees;

EMPLOYEE_ID DEPARTMENT_ID                                                       
----------- -------------                                                       
        200            10                                                       
        201            20                                                       
        202            20                                                       
        205           110                                                       
        206           110                                                       
        114            60                                                       
        115            60                                                       
        100            90                                                       
        101            90                                                       
        102            90                                                       
        103            60                                                       

EMPLOYEE_ID DEPARTMENT_ID                                                       
----------- -------------                                                       
        104            60                                                       
        113           110                                                       
        107            60                                                       
        124            50                                                       
        141            50                                                       
        142            50                                                       
        143            50                                                       
        144            50                                                       
        149            80                                                       
        174            80                                                       
        176            80                                                       

EMPLOYEE_ID DEPARTMENT_ID                                                       
----------- -------------                                                       
        178                                                                     

23 rows selected.

HR1> UPDATE employees
  2  SET department_id = 40
  3  WHERE employee_id = 201;

1 row updated.

HR1> commit;

Commit complete.

HR1> SELECT * FROM departments;

DEPARTMENT_ID DEPARTMENT_NAME                MANAGER_ID LOCATION_ID             
------------- ------------------------------ ---------- -----------             
           30 Purchasing                                                        
          100 Finance                                                           
           40 Deptname                                         2500             
           10 Administration                        200        1700             
           20 Marketing                             201        1800             
           50 Shipping                              124        1500             
           60 IT                                    103        1400             
           80 Sales                                 149        2500             
           90 Executive                             100        1700             
          110 Accounting                            205        1700             
          190 Contracting                                      1700             

DEPARTMENT_ID DEPARTMENT_NAME                MANAGER_ID LOCATION_ID             
------------- ------------------------------ ---------- -----------             
           70 Public Relations                      100        1700             

12 rows selected.

HR1> spool off
